xacro: in-order processing became default in ROS Melodic. You can drop the option.
... logging to /home/bcsh/.ros/log/6fb2364a-510a-11f1-a592-488f4cee555a/roslaunch-bcsh-339129.log
Checking log directory for disk usage. This may take a while.
Press Ctrl-C to interrupt
Done checking log file disk usage. Usage is <1GB.
]2;/home/bcsh/bcsh/clean_robot_code/src/clean_desktop_robot/launch/clean_desktop_robot_w2a.launch
[1mstarted roslaunch server http://bcsh:36851/[0m

SUMMARY
========

CLEAR PARAMETERS
 * /amcl/
 * /apriltag_ros_continuous_node/

PARAMETERS
 * /amcl/base_frame_id: base_footprint
 * /amcl/global_frame_id: map
 * /amcl/gui_publish_rate: 10.0
 * /amcl/kld_err: 0.05
 * /amcl/kld_z: 0.99
 * /amcl/laser_lambda_short: 0.1
 * /amcl/laser_likelihood_max_dist: 4.0
 * /amcl/laser_max_beams: 60
 * /amcl/laser_max_range: 20.0
 * /amcl/laser_model_type: likelihood_field
 * /amcl/laser_sigma_hit: 0.2
 * /amcl/laser_z_hit: 0.95
 * /amcl/laser_z_max: 0.05
 * /amcl/laser_z_rand: 0.05
 * /amcl/laser_z_short: 0.1
 * /amcl/max_particles: 2000
 * /amcl/min_particles: 500
 * /amcl/odom_alpha1: 0.2
 * /amcl/odom_alpha2: 0.2
 * /amcl/odom_alpha3: 0.2
 * /amcl/odom_alpha4: 0.2
 * /amcl/odom_alpha5: 0.2
 * /amcl/odom_frame_id: odom_combined
 * /amcl/odom_model_type: diff
 * /amcl/recovery_alpha_fast: 0.1
 * /amcl/recovery_alpha_slow: 0.001
 * /amcl/resample_interval: 1
 * /amcl/scan_topic: scan_filtered
 * /amcl/transform_tolerance: 0.5
 * /amcl/update_min_a: 0.2
 * /amcl/update_min_d: 0.2
 * /amcl/use_map_topic: False
 * /apriltag_ros_continuous_node/max_hamming_dist: 2
 * /apriltag_ros_continuous_node/publish_tag_detections_image: True
 * /apriltag_ros_continuous_node/publish_tf: True
 * /apriltag_ros_continuous_node/standalone_tags: [{'id': 1, 'size'...
 * /apriltag_ros_continuous_node/tag_blur: 0.0
 * /apriltag_ros_continuous_node/tag_bundles: [{'name': 'my_bun...
 * /apriltag_ros_continuous_node/tag_debug: 0
 * /apriltag_ros_continuous_node/tag_decimate: 1.0
 * /apriltag_ros_continuous_node/tag_family: tag36h11
 * /apriltag_ros_continuous_node/tag_refine_edges: 1
 * /apriltag_ros_continuous_node/tag_threads: 4
 * /apriltag_ros_continuous_node/transport_hint: raw
 * /camera/camera/camera_name: camera
 * /camera/camera/color_format: MJPG
 * /camera/camera/color_fps: 10
 * /camera/camera/color_height: 480
 * /camera/camera/color_info_uri: 
 * /camera/camera/color_width: 640
 * /camera/camera/connection_delay: 100
 * /camera/camera/depth_filter_config: 
 * /camera/camera/depth_format: Y11
 * /camera/camera/depth_fps: 10
 * /camera/camera/depth_height: 400
 * /camera/camera/depth_registration: True
 * /camera/camera/depth_width: 640
 * /camera/camera/device_num: 1
 * /camera/camera/enable_color: True
 * /camera/camera/enable_color_auto_exposure: True
 * /camera/camera/enable_colored_point_cloud: False
 * /camera/camera/enable_depth: True
 * /camera/camera/enable_ir: True
 * /camera/camera/enable_ir_auto_exposure: True
 * /camera/camera/enable_pipeline: True
 * /camera/camera/enable_point_cloud: True
 * /camera/camera/enable_soft_filter: True
 * /camera/camera/flip_color: False
 * /camera/camera/flip_depth: False
 * /camera/camera/flip_ir: False
 * /camera/camera/ir_format: Y10
 * /camera/camera/ir_fps: 10
 * /camera/camera/ir_height: 400
 * /camera/camera/ir_info_uri: 
 * /camera/camera/ir_width: 640
 * /camera/camera/laser_energy_level: -1
 * /camera/camera/log_level: none
 * /camera/camera/product_id: 
 * /camera/camera/publish_tf: True
 * /camera/camera/serial_number: 
 * /camera/camera/tf_publish_rate: 10.0
 * /camera/camera/usb_port: 
 * /camera/camera/vendor_id: 0x2bc5
 * /imu/port: /dev/imu
 * /lidar01/baud_rate: 921600
 * /lidar01/error_circle: 3
 * /lidar01/error_scale: 0.9
 * /lidar01/frame_id: laser_link
 * /lidar01/from_zero: False
 * /lidar01/hard_resample: False
 * /lidar01/inverted: True
 * /lidar01/logPath: /tmp/log
 * /lidar01/mask1: [0.72, 1.12]
 * /lidar01/mask2: [-1.32, -0.72]
 * /lidar01/mask3: [2.09, 2.62]
 * /lidar01/mask4: [-2.62, -2.09]
 * /lidar01/max_angle: 3.1415926
 * /lidar01/max_dist: 50.0
 * /lidar01/min_angle: -3.1415926
 * /lidar01/min_dist: 0.1
 * /lidar01/model: 1
 * /lidar01/output_360: True
 * /lidar01/output_cloud: False
 * /lidar01/output_scan: True
 * /lidar01/port: /dev/lidar
 * /lidar01/raw_bytes: 3
 * /lidar01/resample_res: -1
 * /lidar01/reversed: False
 * /lidar01/rpm: -1
 * /lidar01/soft_resample: False
 * /lidar01/topic: scan
 * /lidar01/type: uart
 * /lidar01/unit_is_mm: -1
 * /lidar01/uuid: -1
 * /lidar01/with_angle_filter: True
 * /lidar01/with_checksum: True
 * /lidar01/with_confidence: -1
 * /lidar01/with_deshadow: -1
 * /lidar01/with_smooth: -1
 * /lidar01/zero_shift: 0
 * /move_base/GlobalPlanner/allow_unknown: True
 * /move_base/GlobalPlanner/cost_factor: 0.55
 * /move_base/GlobalPlanner/default_tolerance: 0.0
 * /move_base/GlobalPlanner/lethal_cost: 253
 * /move_base/GlobalPlanner/neutral_cost: 50
 * /move_base/GlobalPlanner/old_navfn_behavior: False
 * /move_base/GlobalPlanner/orientation_mode: 0
 * /move_base/GlobalPlanner/orientation_window_size: 1
 * /move_base/GlobalPlanner/outline_map: True
 * /move_base/GlobalPlanner/publish_potential: True
 * /move_base/GlobalPlanner/use_dijkstra: True
 * /move_base/GlobalPlanner/use_grid_path: False
 * /move_base/GlobalPlanner/use_quadratic: True
 * /move_base/GlobalPlanner/visualize_potential: False
 * /move_base/TebLocalPlannerROS/acc_lim_theta: 0.5
 * /move_base/TebLocalPlannerROS/acc_lim_x: 0.3
 * /move_base/TebLocalPlannerROS/acc_lim_y: 0.3
 * /move_base/TebLocalPlannerROS/cmd_angle_instead_rotvel: False
 * /move_base/TebLocalPlannerROS/costmap_converter_plugin: 
 * /move_base/TebLocalPlannerROS/costmap_converter_rate: 5
 * /move_base/TebLocalPlannerROS/costmap_converter_spin_thread: True
 * /move_base/TebLocalPlannerROS/costmap_obstacles_behind_robot_dist: 1.5
 * /move_base/TebLocalPlannerROS/delete_detours_backwards: True
 * /move_base/TebLocalPlannerROS/dt_hysteresis: 0.1
 * /move_base/TebLocalPlannerROS/dt_ref: 0.45
 * /move_base/TebLocalPlannerROS/dynamic_obstacle_inflation_dist: 0.6
 * /move_base/TebLocalPlannerROS/enable_homotopy_class_planning: True
 * /move_base/TebLocalPlannerROS/enable_multithreading: True
 * /move_base/TebLocalPlannerROS/feasibility_check_no_poses: 5
 * /move_base/TebLocalPlannerROS/footprint_model/type: polygon
 * /move_base/TebLocalPlannerROS/footprint_model/vertices: [[-0.15, -0.15], ...
 * /move_base/TebLocalPlannerROS/free_goal_vel: False
 * /move_base/TebLocalPlannerROS/global_plan_overwrite_orientation: False
 * /move_base/TebLocalPlannerROS/h_signature_prescaler: 0.5
 * /move_base/TebLocalPlannerROS/h_signature_threshold: 0.1
 * /move_base/TebLocalPlannerROS/include_costmap_obstacles: True
 * /move_base/TebLocalPlannerROS/include_dynamic_obstacles: True
 * /move_base/TebLocalPlannerROS/map_frame: map
 * /move_base/TebLocalPlannerROS/max_global_plan_lookahead_dist: 3.0
 * /move_base/TebLocalPlannerROS/max_number_classes: 4
 * /move_base/TebLocalPlannerROS/max_ratio_detours_duration_best_duration: 3.0
 * /move_base/TebLocalPlannerROS/max_vel_theta: 0.8
 * /move_base/TebLocalPlannerROS/max_vel_x: 0.25
 * /move_base/TebLocalPlannerROS/max_vel_x_backwards: 0.03
 * /move_base/TebLocalPlannerROS/max_vel_y: 0.0
 * /move_base/TebLocalPlannerROS/min_obstacle_dist: 0.16
 * /move_base/TebLocalPlannerROS/min_turning_radius: 0.0
 * /move_base/TebLocalPlannerROS/no_inner_iterations: 5
 * /move_base/TebLocalPlannerROS/no_outer_iterations: 4
 * /move_base/TebLocalPlannerROS/obstacle_cost_exponent: 4
 * /move_base/TebLocalPlannerROS/obstacle_heading_threshold: 0.45
 * /move_base/TebLocalPlannerROS/obstacle_poses_affected: 15
 * /move_base/TebLocalPlannerROS/odom_topic: odom
 * /move_base/TebLocalPlannerROS/optimization_activate: True
 * /move_base/TebLocalPlannerROS/optimization_verbose: False
 * /move_base/TebLocalPlannerROS/oscillation_filter_duration: 10
 * /move_base/TebLocalPlannerROS/oscillation_omega_eps: 0.1
 * /move_base/TebLocalPlannerROS/oscillation_recovery: False
 * /move_base/TebLocalPlannerROS/oscillation_recovery_min_duration: 10
 * /move_base/TebLocalPlannerROS/oscillation_v_eps: 0.1
 * /move_base/TebLocalPlannerROS/penalty_epsilon: 0.1
 * /move_base/TebLocalPlannerROS/roadmap_graph_area_length_scale: 1.0
 * /move_base/TebLocalPlannerROS/roadmap_graph_area_width: 5
 * /move_base/TebLocalPlannerROS/roadmap_graph_no_samples: 15
 * /move_base/TebLocalPlannerROS/selection_alternative_time_cost: False
 * /move_base/TebLocalPlannerROS/selection_cost_hysteresis: 1.0
 * /move_base/TebLocalPlannerROS/selection_obst_cost_scale: 1.0
 * /move_base/TebLocalPlannerROS/selection_prefer_initial_plan: 0.95
 * /move_base/TebLocalPlannerROS/shrink_horizon_backup: True
 * /move_base/TebLocalPlannerROS/shrink_horizon_min_duration: 10
 * /move_base/TebLocalPlannerROS/switching_blocking_period: 0.0
 * /move_base/TebLocalPlannerROS/teb_autosize: True
 * /move_base/TebLocalPlannerROS/viapoints_all_candidates: True
 * /move_base/TebLocalPlannerROS/visualize_hc_graph: False
 * /move_base/TebLocalPlannerROS/visualize_with_time_as_z_axis_scale: False
 * /move_base/TebLocalPlannerROS/weight_acc_lim_theta: 1
 * /move_base/TebLocalPlannerROS/weight_acc_lim_x: 1
 * /move_base/TebLocalPlannerROS/weight_adapt_factor: 2
 * /move_base/TebLocalPlannerROS/weight_dynamic_obstacle: 10
 * /move_base/TebLocalPlannerROS/weight_dynamic_obstacle_inflation: 0.2
 * /move_base/TebLocalPlannerROS/weight_inflation: 0.5
 * /move_base/TebLocalPlannerROS/weight_kinematics_forward_drive: 1000
 * /move_base/TebLocalPlannerROS/weight_kinematics_nh: 1000
 * /move_base/TebLocalPlannerROS/weight_kinematics_turning_radius: 1
 * /move_base/TebLocalPlannerROS/weight_max_vel_theta: 1
 * /move_base/TebLocalPlannerROS/weight_max_vel_x: 2
 * /move_base/TebLocalPlannerROS/weight_obstacle: 100
 * /move_base/TebLocalPlannerROS/weight_optimaltime: 1
 * /move_base/TebLocalPlannerROS/weight_shortest_path: 0
 * /move_base/TebLocalPlannerROS/weight_viapoint: 1
 * /move_base/TebLocalPlannerROS/wheelbase: 0.0
 * /move_base/TebLocalPlannerROS/xy_goal_tolerance: 0.15
 * /move_base/TebLocalPlannerROS/yaw_goal_tolerance: 0.2
 * /move_base/base_global_planner: global_planner/Gl...
 * /move_base/base_local_planner: teb_local_planner...
 * /move_base/clearing_rotation_allowed: False
 * /move_base/conservative_reset_dist: 2.0
 * /move_base/controller_frequency: 10.0
 * /move_base/controller_patience: 3.0
 * /move_base/global_costmap/costmap_prohibition_layer/prohibition_areas: []
 * /move_base/global_costmap/footprint: [[-0.15, -0.15], ...
 * /move_base/global_costmap/global_frame: map
 * /move_base/global_costmap/inflation_layer/cost_scaling_factor: 4.0
 * /move_base/global_costmap/inflation_layer/enabled: True
 * /move_base/global_costmap/inflation_layer/inflation_radius: 0.45
 * /move_base/global_costmap/obstacle_layer/combination_method: 1
 * /move_base/global_costmap/obstacle_layer/enabled: True
 * /move_base/global_costmap/obstacle_layer/observation_sources: scan
 * /move_base/global_costmap/obstacle_layer/obstacle_range: 2.5
 * /move_base/global_costmap/obstacle_layer/raytrace_range: 3.0
 * /move_base/global_costmap/obstacle_layer/scan/clearing: True
 * /move_base/global_costmap/obstacle_layer/scan/data_type: LaserScan
 * /move_base/global_costmap/obstacle_layer/scan/marking: True
 * /move_base/global_costmap/obstacle_layer/scan/topic: scan_filtered
 * /move_base/global_costmap/obstacle_layer/track_unknown_space: True
 * /move_base/global_costmap/plugins: [{'name': 'static...
 * /move_base/global_costmap/publish_frequency: 1.0
 * /move_base/global_costmap/resolution: 0.05
 * /move_base/global_costmap/robot_base_frame: base_footprint
 * /move_base/global_costmap/rolling_window: False
 * /move_base/global_costmap/static_layer/enabled: True
 * /move_base/global_costmap/static_layer/map_topic: map
 * /move_base/global_costmap/static_layer/track_unknown_space: True
 * /move_base/global_costmap/static_layer/trinary_costmap: True
 * /move_base/global_costmap/transform_tolerance: 1
 * /move_base/global_costmap/update_frequency: 1.0
 * /move_base/local_costmap/costmap_prohibition_layer/prohibition_areas: []
 * /move_base/local_costmap/footprint: [[-0.15, -0.15], ...
 * /move_base/local_costmap/global_frame: odom_combined
 * /move_base/local_costmap/height: 4.0
 * /move_base/local_costmap/inflation_layer/cost_scaling_factor: 4.0
 * /move_base/local_costmap/inflation_layer/enabled: True
 * /move_base/local_costmap/inflation_layer/inflation_radius: 0.45
 * /move_base/local_costmap/obstacle_layer/combination_method: 1
 * /move_base/local_costmap/obstacle_layer/enabled: True
 * /move_base/local_costmap/obstacle_layer/observation_sources: scan
 * /move_base/local_costmap/obstacle_layer/obstacle_range: 2.5
 * /move_base/local_costmap/obstacle_layer/raytrace_range: 3.0
 * /move_base/local_costmap/obstacle_layer/scan/clearing: True
 * /move_base/local_costmap/obstacle_layer/scan/data_type: LaserScan
 * /move_base/local_costmap/obstacle_layer/scan/marking: True
 * /move_base/local_costmap/obstacle_layer/scan/topic: scan_filtered
 * /move_base/local_costmap/obstacle_layer/track_unknown_space: True
 * /move_base/local_costmap/plugins: [{'name': 'static...
 * /move_base/local_costmap/publish_frequency: 2.0
 * /move_base/local_costmap/resolution: 0.05
 * /move_base/local_costmap/robot_base_frame: base_footprint
 * /move_base/local_costmap/rolling_window: True
 * /move_base/local_costmap/static_layer/enabled: True
 * /move_base/local_costmap/static_layer/map_topic: map
 * /move_base/local_costmap/static_layer/track_unknown_space: True
 * /move_base/local_costmap/static_layer/trinary_costmap: True
 * /move_base/local_costmap/transform_tolerance: 0.5
 * /move_base/local_costmap/update_frequency: 3.0
 * /move_base/local_costmap/width: 4.0
 * /move_base/max_planning_retries: 1
 * /move_base/oscillation_distance: 0.05
 * /move_base/oscillation_timeout: 10.0
 * /move_base/planner_frequency: 1.0
 * /move_base/planner_patience: 3.0
 * /move_base/recovery_behavior_1/reset_distance: 1.0
 * /move_base/recovery_behavior_2/reset_distance: 3.0
 * /move_base/recovery_behavior_3/clearing_distance: 5.0
 * /move_base/recovery_behavior_3/limited_distance: 0.3
 * /move_base/recovery_behavior_3/limited_rot_speed: 0.4
 * /move_base/recovery_behavior_3/limited_trans_speed: 0.1
 * /move_base/recovery_behavior_3/planner_namespace: DWAPlannerROS
 * /move_base/recovery_behavior_enabled: False
 * /move_base/recovery_behaviors: [{'name': 'recove...
 * /move_base/shutdown_costmaps: False
 * /robot_description: <?xml version="1....
 * /robot_pose_ekf/base_footprint_frame: base_footprint
 * /robot_pose_ekf/debug: False
 * /robot_pose_ekf/freq: 30.0
 * /robot_pose_ekf/imu_used: True
 * /robot_pose_ekf/odom_used: True
 * /robot_pose_ekf/output_frame: odom_combined
 * /robot_pose_ekf/sensor_timeout: 1.0
 * /robot_pose_ekf/vo_used: False
 * /robot_state_publisher/rate: 40.0
 * /rosdistro: noetic
 * /rosversion: 1.17.0
 * /upros_arm_control/servo_bias_1: 0
 * /upros_arm_control/servo_bias_2: 50
 * /upros_arm_control/servo_bias_3: 20
 * /upros_arm_control/servo_bias_4: -10
 * /upros_arm_control/servo_bias_5: 0
 * /upros_arm_control/servo_bias_6: 0
 * /use_sim_time: False
 * /zoo_driver/base_frame: base_footprint
 * /zoo_driver/buadrate: 1000000
 * /zoo_driver/chassis_type: 3
 * /zoo_driver/claw_joint: 6
 * /zoo_driver/cmd_multiple_servo_topic: multiple_servo_topic
 * /zoo_driver/cmd_single_servo_topic: single_servo_topic
 * /zoo_driver/cmd_vel_topic: /cmd_vel
 * /zoo_driver/diff_wheel_radius: 0.099
 * /zoo_driver/diff_wheel_track: 0.216
 * /zoo_driver/imu_topic: /imu/data
 * /zoo_driver/joint1: 1
 * /zoo_driver/joint2: 2
 * /zoo_driver/joint3: 3
 * /zoo_driver/joint4: 4
 * /zoo_driver/joint5: 5
 * /zoo_driver/joint_state_topic: /joint_states
 * /zoo_driver/mec_wheel_radius: 0.075
 * /zoo_driver/mec_wheel_track: 0.1466
 * /zoo_driver/motor_encoder: 64.0
 * /zoo_driver/motor_ratio: 90.0
 * /zoo_driver/odom_frame: odom_combined
 * /zoo_driver/odom_topic: wheel_odom
 * /zoo_driver/onmi_wheel_radius: 0.075
 * /zoo_driver/onmi_wheel_track: 0.1466
 * /zoo_driver/port: /dev/zoo
 * /zoo_driver/publish_joint_state: False
 * /zoo_driver/publish_tf: False

NODES
  /
    amcl (amcl/amcl)
    apriltag_ros_continuous_node (apriltag_ros/apriltag_ros_continuous_node)
    base_footprint_to_base_link (tf/static_transform_publisher)
    base_link_to_arm_base_link (tf/static_transform_publisher)
    base_link_to_camera_link (tf/static_transform_publisher)
    base_link_to_imu_link (tf/static_transform_publisher)
    base_link_to_laser_link (tf/static_transform_publisher)
    base_link_to_tof1 (tf/static_transform_publisher)
    base_link_to_tof2 (tf/static_transform_publisher)
    base_link_to_tof3 (tf/static_transform_publisher)
    base_link_to_ulsensor1 (tf/static_transform_publisher)
    base_link_to_ulsensor2 (tf/static_transform_publisher)
    base_link_to_ulsensor3 (tf/static_transform_publisher)
    filtered_scan_publisher (upros_lidar_filter/filtered_scan_publisher)
    imu (handsfree_ros_imu/hfi_b9_ros.py)
    imu_calibrate (handsfree_ros_imu/imu_calibrate)
    lidar01 (bluesea2/bluesea2_node)
    map_server (map_server/map_server)
    move_base (move_base/move_base)
    odom_ekf (upros_odometry/odom_ekf.py)
    robot_pose_ekf (robot_pose_ekf/robot_pose_ekf)
    robot_state_publisher (robot_state_publisher/robot_state_publisher)
    upros_arm_control (upros_arm/upros_arm_control)
    zoo_driver (zoo_bringup/zoo_driver)
  /camera/
    camera (orbbec_camera/orbbec_camera_node)
[33m[ WARN] [1778924070.971170616]: IMU calibration NOT found.[0m
[0m[ INFO] [1778924070.811369142]: port:/dev/zoo buadrate:1000000[0m
[0m[ INFO] [1778924070.822213047]: motor_encoder:1769103967 motor_ratio:1000000[0m
[0m[ INFO] [1778924070.822384251]: diff_wheel_radius:1769103967 diff_wheel_track:1000000[0m
[0m[ INFO] [1778924071.038846733]: BaseDriver startup[0m
[0m[ INFO] [1778924071.042105738]: connected to main board[0m
Transport main read/write started
[05/16 17:34:31.113208][info][339444][Context.cpp:68] Context created with config: /home/bcsh/bcsh/upros_class_code/src/upros_hardware/orbbecsdk/config/OrbbecSDKConfig_v1.0.xml
[05/16 17:34:31.113225][info][339444][Context.cpp:73] Work directory=/home/bcsh/.ros, SDK version=v1.10.8-20240604-d1671a3
[05/16 17:34:31.113240][info][339444][LinuxPal.cpp:32] createObPal: create LinuxPal!
[05/16 17:34:31.196326][warning][339444][OpenNIDeviceInfo.cpp:186] New openni device matched.
[05/16 17:34:31.196457][info][339444][LinuxPal.cpp:143] Create PollingDeviceWatcher!
[05/16 17:34:31.196490][info][339444][DeviceManager.cpp:15] Current found device(s): (1)
[05/16 17:34:31.196497][info][339444][DeviceManager.cpp:24] 	- Name: DaBai DCW2, PID: 0x06a0, SN/ID: CH8L352010Z, Connection: USB2.0
[33m[ WARN] [1778924071.797260668]: Calibrating accelerometer and gyroscope, make sure robot is stationary and level.[0m
[33m[ WARN] [1778924071.808765182]: remove_duplicates parameter not provided. Defaulting to true[0m
[33m[ WARN] [1778924072.087276810]: Publishing dynamic camera transforms (/tf) at 10 Hz[0m
[33m[ WARN] [1778924072.212044728]: Device does not support temperature reading[0m
[0m[ INFO] [1778924071.281191102]: queryDevice: first query device[0m
[0m[ INFO] [1778924071.370172958]: deviceConnectCallback : deviceConnectCallback start[0m
[0m[ INFO] [1778924071.470320712]: deviceConnectCallback : Before process lock lock[0m
[0m[ INFO] [1778924071.470355128]: deviceConnectCallback : After process lock lock[0m
[0m[ INFO] [1778924071.470365044]: deviceConnectCallback : selectDevice start[0m
[0m[ INFO] [1778924071.470379044]: Connecting to the default device[0m
[0m[ INFO] [1778924071.600002504]: deviceConnectCallback : selectDevice end[0m
[0m[ INFO] [1778924071.787475779]: Setting ThresholdFilter......[0m
[0m[ INFO] [1778924071.787563276]: set ThresholdFilter to false[0m
[0m[ INFO] [1778924071.787631233]: Skip setting ThresholdFilter[0m
[0m[ INFO] [1778924071.787676732]: Setting EdgeNoiseRemovalFilter......[0m
[0m[ INFO] [1778924071.787709981]: Skip setting EdgeNoiseRemovalFilter[0m
[0m[ INFO] [1778924071.787761897]: Setting SpatialAdvancedFilter......[0m
[0m[ INFO] [1778924071.787802146]: set SpatialAdvancedFilter to false[0m
[0m[ INFO] [1778924071.787837728]: Skip setting SpatialAdvancedFilter[0m
[0m[ INFO] [1778924071.787881769]: Setting TemporalFilter......[0m
[0m[ INFO] [1778924071.787915018]: set TemporalFilter to false[0m
[0m[ INFO] [1778924071.787954100]: Skip setting TemporalFilter[0m
[0m[ INFO] [1778924071.787997849]: Setting HoleFillingFilter......[0m
[0m[ INFO] [1778924071.788036057]: set HoleFillingFilter to false[0m
[0m[ INFO] [1778924071.788071348]: Skip setting HoleFillingFilter[0m
[0m[ INFO] [1778924071.790030134]:  stream depth is enabled - width: 640, height: 400, fps: 10, Format: Y11[0m
[0m[ INFO] [1778924071.790386250]:  stream ir is enabled - width: 640, height: 400, fps: 10, Format: Y10[0m
[0m[ INFO] [1778924071.790801573]:  stream color is enabled - width: 640, height: 480, fps: 10, Format: MJPG[0m
[0m[ INFO] [1778924072.086940235]: Publishing static transform from camera_link to ir[0m
[0m[ INFO] [1778924072.086993900]: Translation 0, 0, 0[0m
[0m[ INFO] [1778924072.087021608]: Rotation 0, 0, 0, 1[0m
[0m[ INFO] [1778924072.087044941]: Publishing static transform from camera_link to color[0m
[0m[ INFO] [1778924072.087066815]: Translation 12.3634, 0.022862, 1.67076[0m
[0m[ INFO] [1778924072.087084898]: Rotation -0.00149109, -0.000710887, 0.000337395, 0.999999[0m
[0m[ INFO] [1778924072.087103272]: Publishing static transform from camera_link to depth[0m
[0m[ INFO] [1778924072.087123397]: Translation 0, 0, 0[0m
[0m[ INFO] [1778924072.087140897]: Rotation 0, 0, 0, 1[0m
[0m[ INFO] [1778924072.130592644]: Stream left_ir is disabled.[0m
[0m[ INFO] [1778924072.130664392]: Stream right_ir is disabled.[0m
[0m[ INFO] [1778924072.203278605]: stream depth exposure 8000[0m
[0m[ INFO] [1778924072.204295039]: stream ir exposure 8000[0m
[0m[ INFO] [1778924072.208974427]: stream color exposure 100[0m
[0m[ INFO] [1778924072.210015360]: stream depth gain 4000[0m
[0m[ INFO] [1778924072.210657595]: stream ir gain 4000[0m
[0m[ INFO] [1778924072.211167124]: stream color gain 0[0m
[0m[ INFO] [1778924072.211967438]: Device DaBai DCW2 connected[0m
[0m[ INFO] [1778924072.212138059]: Serial number: CH8L352010Z[0m
[0m[ INFO] [1778924072.212226723]: Firmware version: RD1014[0m
[0m[ INFO] [1778924072.212315971]: Hardware version: [0m
[0m[ INFO] [1778924072.212370803]: device uid: 1-1.1-4[0m
[0m[ INFO] [1778924072.212424760]: device connection Type: USB2.0[0m
[0m[ INFO] [1778924072.212488634]: Current node pid: 339444[0m
[0m[ INFO] [1778924072.212549591]: deviceConnectCallback : deviceConnectCallback end[0m
[0m[ INFO] [1778924072.370672874]: Image stream color subscribed[0m
[0m[ INFO] [1778924072.371337566]: set align mode to HW[0m
[0m[ INFO] [1778924072.833287671]: Received first frame set[0m
[0m[ INFO] [1778924073.104461451]: Create color frame read thread.[0m
[0m[ INFO] [1778924073.104665613]: Image stream color subscribed[0m
[0m[ INFO] [1778924073.104710237]: pipe line already started[0m
[0m[ INFO] [[33m[ WARN] [1778924073.905911903]: Camera calibration file /home/bcsh/.ros/camera_info/camera_color.yaml not found.[0m
[33m[ WARN] [1778924073.906030025]: Camera calibration file /home/bcsh/.ros/camera_info/camera_ir.yaml not found.[0m
[33m[ WARN] [1778924074.270796254]: TebLocalPlannerROS() Param Warning: max_vel_x_backwards <= penalty_epsilon. The resulting bound is negative. Undefined behavior... Change at least one of them![0m
[33m[ WARN] [1778924074.468361279]: TebLocalPlannerROS() Param Warning: max_vel_x_backwards <= penalty_epsilon. The resulting bound is negative. Undefined behavior... Change at least one of them![0m
[0m[ INFO] [1778924071.686954992]: Published filtered LaserScan with 658 points (after trim and radius filter)[0m
[0m[ INFO] [1778924071.794494276]: Published filtered LaserScan with 662 points (after trim and radius filter)[0m
[0m[ INFO] [1778924071.887421704]: Published filtered LaserScan with 660 points (after trim and radius filter)[0m
[0m[ INFO] [1778924071.987361796]: Published filtered LaserScan with 663 points (after trim and radius filter)[0m
[0m[ INFO] [1778924072.094990916]: Published filtered LaserScan with 661 points (after trim and radius filter)[0m
[0m[ INFO] [1778924072.205693547]: Published filtered LaserScan with 657 points (after trim and radius filter)[0m
[0m[ INFO] [1778924072.289591197]: Published filtered LaserScan with 661 points (after trim and radius filter)[0m
[0m[ INFO] [1778924072.382489173]: Published filtered LaserScan with 660 points (after trim and radius filter)[0m
[0m[ INFO] [1778924072.490773362]: Published filtered LaserScan with 661 points (after trim and radius filter)[0m
[0m[ INFO] [1778924072.594935525]: Published filtered LaserScan with 662 points (after trim and radius filter)[0m
[0m[ INFO] [1778924072.698691115]: Published filtered LaserScan with 665 points (after trim and radius filter)[0m
[0m[ INFO] [1778924072.786648376]: Published filtered LaserScan with 661 points (after trim and radius filter)[0m
[0m[ INFO] [1778924072.902922581]: Published filtered LaserScan with 664 points (after trim and radius filter)[0m
[0m[ INFO] [1778924072.984504454]: Published filtered LaserScan with 659 points (after trim and radius filter)[0m
[0m[ INFO] [1778924073.084886712]: Published filtered LaserScan with 661 points (after trim and radius filter)[0m
[0m[ INFO] [1778924073.185402553]: Published filtered LaserScan with 660 points (after trim and radius filter)[0m
[0m[ INFO] [1778924073.284148018]: Published filtered LaserScan with 660 points (after trim and radius filter)[0m
[0m[ INFO] [1778924073.380070802]: Published filtered LaserScan with 665 points (after trim and radius filter)[0m
[0m[ INFO] [1778924073.495221541]: Published filtered LaserScan with 656 points (after trim and radius filter)[0m
[0m[ INFO] [1778924073.606000594]: Published filtered LaserScan with 664 points (after trim and radius filter)[0m
[0m[ INFO] [1778924073.715629340]: Published filtered LaserScan with 657 points (after trim and radius filter)[0m
[0m[ INFO] [1778924073.782949351]: Published filtered LaserScan with 661 points (after trim and radius filter)[0m
[0m[ INFO] [1778924073.887560093]: Published filtered LaserScan with 662 points (after trim and radius filter)[0m
[0m[ INFO] [1778924073.978130047]: Published filtered LaserScan with 666 points (after trim and radius filter)[0m
[0m[ INFO] [1778924074.078934051]: Published filtered LaserScan with 662 points (after trim and radius filter)[0m
[0m[ INFO] [1778924074.183914040]: Published filtered LaserScan with 661 points (after trim and radius filter)[0m
[0m[ INFO] [1778924074.291033937]: Published filtered LaserScan with 662 points (after trim and radius filter)[0m
[0m[ INFO] [1778924074.398098710]: Published filtered LaserScan with 663 points (after trim and radius filter)[0m
[0m[ INFO] [1778924074.480958936]: Published filtered LaserScan with 662 points (after trim and radius filter)[0m
[0m[ INFO] [1778924074.588697735]: Published filtered LaserScan with 661 points (after trim and radius filter)[0m
[0m[ INFO] [1778924074.696450824]: Published filtered LaserScan with 663 points (after trim and radius filter)[0m
[0m[ INFO] [1778924074.794248110]: Published filtered LaserScan with 662 points (after trim and radius filter)[0m
[0m[ INFO] [1778924074.879728024]: Published filtered LaserScan with 660 points (after trim and radius filter)[0m
[0m[ INFO] [1778924074.978324458]: Published filtered LaserScan with 664 points (after trim and radius filter)[0m
[0m[ INFO] [1778924075.079801911]: Published filtered LaserScan with 662 points (after trim and radius filter)[0m
[0m[ INFO] [1778924075.187857166]: Published filtered LaserScan with 660 points (after trim and radius filter)[0m
[0m[ INFO] [1778924075.284758479]: Published filtered LaserScan with 666 points (after trim and radius filter)[0m
[0m[ INFO] [1778924075.377696429]: Published filtered LaserScan with 659 points (after trim and radius filter)[0m
[0m[ INFO] [1778924075.487171776]: Published filtered LaserScan with 658 points (after trim and radius filter)[0m
[0m[ INFO] [1778924075.579002001]: Published filtered LaserScan with 664 points (after trim and radius filter)[0m
[0m[ INFO] [1778924075.676125268]: Published filtered LaserScan with 664 points (after trim and radius filter)[0m
[0m[ INFO] [1778924075.776264879]: Published filtered LaserScan with 660 points (after trim and radius filter)[0m
[0m[ INFO] [1778924075.899251070]: Published filtered LaserScan with 660 points (after trim and radius filter)[0m
[0m[ INFO] [1778924075.979240495]: Published filtered LaserScan with 659 points (after trim and radius filter)[0m
[0m[ INFO] [1778924076.083864962]: Published filtered LaserScan with 665 points (after trim and radius filter)[0m
[0m[ INFO] [1778924076.173112838]: Published filtered LaserScan with 663 points (after trim and radius filter)[0m
[0m[ INFO] [1778924076.275812060]: Published filtered LaserScan with 660 points (after trim and radius filter)[0m
[0m[ INFO] [1778924076.383999153]: Published filtered LaserScan with 660 points (after trim and radius filter)[0m
[0m[ INFO] [1778924076.492300867]: Published filtered LaserScan with 662 points (after trim and radius filter)[0m
[0m[ INFO] [1778924076.596780380]: Published filtered LaserScan with 659 points (after trim and radius filter)[0m
[0m[ INFO] [1778924076.680030274]: Published filtered LaserScan with 662 points (after trim and radius filter)[0m
[0m[ INFO] [1778924076.784004633]: Published filtered LaserScan with 659 points (after trim and radius filter)[0m
[0m[ INFO] [1778924076.875844781]: Published filtered LaserScan with 658 points (after trim and radius filter)[0m
[0m[ INFO] [1778924076.975955524]: Published filtered LaserScan with 661 points (after trim and radius filter)[0m
[0m[ INFO] [1778924077.068920315]: Published filtered LaserScan with 662 points (after trim and radius filter)[0m
[0m[ INFO] [1778924077.179505148]: Published filtered LaserScan with 663 points (after trim and radius filter)[0m
[0m[ INFO] [1778924077.285507132]: Published filtered LaserScan with 663 points (after trim and radius filter)[0m
[0m[ INFO] [1778924077.373380421]: Published filtered LaserScan with 662 points (after trim and radius filter)[0m
[0m[ INFO] [1778924077.489032550]: Published filtered LaserScan with 662 points (after trim and radius filter)[0m
[0m[ INFO] [1778924077.574354400]: Published filtered LaserScan with 658 points (after trim and radius filter)[0m
[0m[ INFO] [1778924077.677121585]: Published filtered LaserScan with 658 points (after trim and radius filter)[0m
[0m[ INFO] [1778924077.772827397]: Published filtered LaserScan with 662 points (after trim and radius filter)[0m
[0m[ INFO] [1778924077.872211912]: Published filtered LaserScan with 658 points (after trim and radius filter)[0m
[0m[ INFO] [1778924077.969795721]: Published filtered LaserScan with 665 points (after trim and radius filter)[0m
[0m[ INFO] [1778924078.069883140]: Published filtered LaserScan with 662 points (after trim and radius filter)[0m
[0m[ INFO] [1778924078.175793257]: Published filtered LaserScan with 661 points (after trim and radius filter)[0m
[0m[ INFO] [1778924078.267788579]: Published filtered LaserScan with 659 points (after trim and radius filter)[0m
[0m[ INFO] [1778924078.375902768]: Published filtered LaserScan with 657 points (after trim and radius filter)[0m
[0m[ INFO] [1778924078.474425727]: Published filtered LaserScan with 660 points (after trim and radius filter)[0m
[0m[ INFO] [1778924078.585047024]: Published filtered LaserScan with 661 points (after trim and radius filter)[0m
[0m[ INFO] [1778924078.674000043]: Published filtered LaserScan with 663 points (after trim and radius filter)[0m
[0m[ INFO] [1778924078.773512311]: Published filtered LaserScan with 663 points (after trim and radius filter)[0m
[0m[ INFO] [1778924078.873054329]: Published filtered LaserScan with 661 points (after trim and radius filter)[0m
[0m[ INFO] [1778924078.969869620]: Published filtered LaserScan with 665 points (after trim and radius filter)[0m
[0m[ INFO] [1778924079.065548024]: Published filtered LaserScan with 661 points (after trim and radius filter)[0m
[0m[ INFO] [1778924079.167741527]: Published filtered LaserScan with 661 points (after trim and radius filter)[0m
[0m[ INFO] [1778924079.268505605]: Published filtered LaserScan with 660 points (after trim and radius filter)[0m
[0m[ INFO] [1778924079.372470357]: Published filtered LaserScan with 663 points (after trim and radius filter)[0m
[0m[ INFO] [1778924079.491348549]: Published filtered LaserScan with 661 points (after trim and radius filter)[0m
[0m[ INFO] [1778924079.568919258]: Published filtered LaserScan with 666 points (after trim and radius filter)[0m
[0m[ INFO] [1778924079.667429973]: Published filtered LaserScan with 665 points (after trim and radius filter)[0m
[0m[ INFO] [1778924079.774553109]: Published filtered LaserScan with 663 points (after trim and radius filter)[0m
[0m[ INFO] [1778924079.869042710]: Published filtered LaserScan with 662 points (after trim and radius filter)[0m
[0m[ INFO] [1778924079.967254765]: Published filtered LaserScan with 664 points (after trim and radius filter)[0m
[0m[ INFO] [1778924080.074397738]: Published filtered LaserScan with 662 points (after trim and radius filter)[0m
[0m[ INFO] [1778924080.189018287]: Published filtered LaserScan with 657 points (after trim and radius filter)[0m
[0m[ INFO] [1778924080.286989437]: Published filtered LaserScan with 659 points (after trim and radius filter)[0m
[0m[ INFO] [1778924080.366178279]: Published filtered LaserScan with 657 points (after trim and radius filter)[0m
[0m[ INFO] [1778924080.481595351]: Published filtered LaserScan with 660 points (after trim and radius filter)[0m
[0m[ INFO] [1778924080.567388829]: Published filtered LaserScan with 661 points (after trim and radius filter)[0m
[0m[ INFO] [1778924080.676125725]: Published filtered LaserScan with 656 points (after trim and radius filter)[0m
[0m[ INFO] [1778924080.767030542]: Published filtered LaserScan with 665 points (after trim and radius filter)[0m
[0m[ INFO] [1778924080.887106295]: Published filtered LaserScan with 664 points (after trim and radius filter)[0m
[0m[ INFO] [1778924081.023993029]: Published filtered LaserScan with 663 points (after trim and radius filter)[0m
[0m[ INFO] [1778924081.062741785]: Published filtered LaserScan with 661 points (after trim and radius filter)[0m
[0m[ INFO] [1778924081.168545173]: Published filtered LaserScan with 663 points (after trim and radius filter)[0m
[0m[ INFO] [1778924081.264512042]: Published filtered LaserScan with 660 points (after trim and radius filter)[0m
[0m[ INFO] [1778924081.363910872]: Published filtered LaserScan with 662 points (after trim and radius filter)[0m
[0m[ INFO] [1778924081.461191669]: Published filtered LaserScan with 658 points (after trim and radius filter)[0m
[0m[ INFO] [1778924081.603212497]: Published filtered LaserScan with 660 points (after trim and radius filter)[0m
[0m[ INFO] [1778924081.664110482]: Published filtered LaserScan with 664 points (after trim and radius filter)[0m
[0m[ INFO] [1778924081.770439441]: Published filtered LaserScan with 661 points (after trim and radius filter)[0m
[0m[ INFO] [1778924081.870544671]: Published filtered LaserScan with 659 points (after trim and radius filter)[0m
[0m[ INFO] [1778924081.968386621]: Published filtered LaserScan with 663 points (after trim and radius filter)[0m
[0m[ INFO] [1778924082.065057561]: Published filtered LaserScan with 665 points (after trim and radius filter)[0m
[0m[ INFO] [1778924082.161283429]: Published filtered LaserScan with 658 points (after trim and radius filter)[0m
[0m[ INFO] [1778924082.260407521]: Published filtered LaserScan with 664 points (after trim and radius filter)[0m
[0m[ INFO] [1778924082.373177210]: Published filtered LaserScan with 657 points (after trim and radius filter)[0m
[0m[ INFO] [1778924082.463504259]: Published filtered LaserScan with 662 points (after trim and radius filter)[0m
[0m[ INFO] [1778924082.567373657]: Published filtered LaserScan with 661 points (after trim and radius filter)[0m
[0m[ INFO] [1778924082.663557818]: Published filtered LaserScan with 662 points (after trim and radius filter)[0m
[0m[ INFO] [1778924082.761936136]: Published filtered LaserScan with 662 points (after trim and radius filter)[0m
[0m[ INFO] [1778924082.862258658]: Published filtered LaserScan with 658 points (after trim and radius filter)[0m
[0m[ INFO] [1778924082.956733985]: Published filtered LaserScan with 661 points (after trim and radius filter)[0m
[0m[ INFO] [1778924083.058226941]: Published filtered LaserScan with 660 points (after trim and radius filter)[0m
[0m[ INFO] [1778924083.160405884]: Published filtered LaserScan with 662 points (after trim and radius filter)[0m
[0m[ INFO] [1778924083.260720246]: Published filtered LaserScan with 663 points (after trim and radius filter)[0m
[0m[ INFO] [1778924083.366885596]: Published filtered LaserScan with 661 points (after trim and radius filter)[0m
[0m[ INFO] [1778924083.463221426]: Published filtered LaserScan with 659 points (after trim and radius filter)[0m
[0m[ INFO] [1778924083.555805343]: Published filtered LaserScan with 662 points (after trim and radius filter)[0m
[0m[ INFO] [1778924083.664784044]: Published filtered LaserScan with 659 points (after trim and radius filter)[0m
[0m[ INFO] [1778924083.768483702]: Published filtered LaserScan with 656 points (after trim and radius filter)[0m
[0m[ INFO] [1778924083.856286148]: Published filtered LaserScan with 659 points (after trim and radius filter)[0m
[0m[ INFO] [1778924083.964570990]: Published filtered LaserScan with 664 points (after trim and radius filter)[0m
[0m[ INFO] [1778924084.062872027]: Published filtered LaserScan with 661 points (after trim and radius filter)[0m
[0m[ INFO] [1778924084.152918218]: Published filtered LaserScan with 662 points (after trim and radius filter)[0m
[0m[ INFO] [1778924084.263678966]: Published filtered LaserScan with 662 points (after trim and radius filter)[0m
[0m[ INFO] [1778924084.355475991]: Published filtered LaserScan with 659 points (after trim and radius filter)[0m
[0m[ INFO] [1778924084.454866672]: Published filtered LaserScan with 660 points (after trim and radius filter)[0m
[0m[ INFO] [1778924084.559491480]: Published filtered LaserScan with 657 points (after trim and radius filter)[0m
[0m[ INFO] [1778924084.657957016]: Published filtered LaserScan with 660 points (after trim and radius filter)[0m
[0m[ INFO] [1778924084.782716271]: Published filtered LaserScan with 661 points (after trim and radius filter)[0m
[0m[ INFO] [1778924084.853295041]: Published filtered LaserScan with 661 points (after trim and radius filter)[0m
[0m[ INFO] [1778924084.951311129]: Published filtered LaserScan with 663 points (after trim and radius filter)[0m
[0m[ INFO] [1778924085.056545218]: Published filtered LaserScan with 658 points (after trim and radius filter)[0m
[0m[ INFO] [1778924085.155087757]: Published filtered LaserScan with 661 points (after trim and radius filter)[0m
[0m[ INFO] [1778924085.250105004]: Published filtered LaserScan with 664 points (after trim and radius filter)[0m
[0m[ INFO] [1778924085.352768697]: Published filtered LaserScan with 660 points (after trim and radius filter)[0m
[0m[ INFO] [1778924085.452217132]: Published filtered LaserScan with 661 points (after trim and radius filter)[0m
[0m[ INFO] [1778924085.554388504]: Published filtered LaserScan with 662 points (after trim and radius filter)[0m
[0m[ INFO] [1778924085.650985089]: Published filtered LaserScan with 662 points (after trim and radius filter)[0m
[0m[ INFO] [1778924085.753110961]: Published filtered LaserScan with 662 points (after trim and radius filter)[0m
[0m[ INFO] [1778924085.860419630]: Published filtered LaserScan with 659 points (after trim and radius filter)[0m
[0m[ INFO] [1778924085.958273269]: Published filtered LaserScan with 657 points (after trim and radius filter)[0m
[0m[ INFO] [1778924086.050804409]: Published filtered LaserScan with 665 points (after trim and radius filter)[0m
[0m[ INFO] [1778924086.155205818]: Published filtered LaserScan with 663 points (after trim and radius filter)[0m
[0m[ INFO] [1778924086.255673902]: Published filtered LaserScan with 659 points (after trim and radius filter)[0m
[0m[ INFO] [1778924086.359102917]: Published filtered LaserScan with 662 points (after trim and radius filter)[0m
[0m[ INFO] [1778924086.449583107]: Published filtered LaserScan with 663 points (after trim and radius filter)[0m
[0m[ INFO] [1778924086.551579781]: Published filtered LaserScan with 663 points (after trim and radius filter)[0m
[0m[ INFO] [1778924086.650778560]: Published filtered LaserScan with 661 points (after trim and radius filter)[0m
[0m[ INFO] [1778924086.749562891]: Published filtered LaserScan with 659 points (after trim and radius filter)[0m
[0m[ INFO] [1778924086.850336343]: Published filtered LaserScan with 659 points (after trim and radius filter)[0m
[0m[ INFO] [1778924086.946913100]: Published filtered LaserScan with 662 points (after trim and radius filter)[0m
[0m[ INFO] [1778924087.055797616]: Published filtered LaserScan with 663 points (after trim and radius filter)[0m
[0m[ INFO] [1778924087.158452572]: Published filtered LaserScan with 663 points (after trim and radius filter)[0m
[0m[ INFO] [1778924087.247895625]: Published filtered LaserScan with 664 points (after trim and radius filter)[0m
[0m[ INFO] [1778924087.356798227]: Published filtered LaserScan with 658 points (after trim and radius filter)[0m
[0m[ INFO] [1778924087.452160810]: Published filtered LaserScan with 663 points (after trim and radius filter)[0m
[0m[ INFO] [1778924087.547422478]: Published filtered LaserScan with 663 points (after trim and radius filter)[0m
[0m[ INFO] [1778924087.646597056]: Published filtered LaserScan with 662 points (after trim and radius filter)[0m
[0m[ INFO] [1778924087.749044349]: Published filtered LaserScan with 663 points (after trim and radius filter)[0m
[0m[ INFO] [1778924087.853882379]: Published filtered LaserScan with 663 points (after trim and radius filter)[0m
[0m[ INFO] [1778924087.945112432]: Published filtered LaserScan with 665 points (after trim and radius filter)[0m
[0m[ INFO] [1778924088.047480397]: Published filtered LaserScan with 660 points (after trim and radius filter)[0m
[0m[ INFO] [1778924088.145002435]: Published filtered LaserScan with 661 points (after trim and radius filter)[0m
[0m[ INFO] [1778924088.247055993]: Published filtered LaserScan with 656 points (after trim and radius filter)[0m
[0m[ INFO] [1778924088.342771781]: Published filtered LaserScan with 663 points (after trim and radius filter)[0m
[0m[ INFO] [1778924088.463849733]: Published filtered LaserScan with 661 points (after trim and radius filter)[0m
[0m[ INFO] [1778924088.548085786]: Published filtered LaserScan with 661 points (after trim and radius filter)[0m
[0m[ INFO] [1778924088.645063879]: Published filtered LaserScan with 660 points (after trim and radius filter)[0m
[0m[ INFO] [1778924088.750925641]: Published filtered LaserScan with 660 points (after trim and radius filter)[0m
[0m[ INFO] [1778924088.844942510]: Published filtered LaserScan with 662 points (after trim and radius filter)[0m
[0m[ INFO] [1778924088.950298533]: Published filtered LaserScan with 661 points (after trim and radius filter)[0m
[0m[ INFO] [1778924089.049048754]: Published filtered LaserScan with 663 points (after trim and radius filter)[0m
[0m[ INFO] [1778924089.146291679]: Published filtered LaserScan with 659 points (after trim and radius filter)[0m
[0m[ INFO] [1778924089.246300415]: Published filtered LaserScan with 663 points (after trim and radius filter)[0m
[0m[ INFO] [1778924089.390751418]: Published filtered LaserScan with 659 points (after trim and radius filter)[0m
[0m[ INFO] [1778924089.452080505]: Published filtered LaserScan with 660 points (after trim and radius filter)[0m
[0m[ INFO] [1778924089.547437265]: Published filtered LaserScan with 661 points (after trim and radius filter)[0m
[0m[ INFO] [1778924089.646220737]: Published filtered LaserScan with 662 points (after trim and radius filter)[0m
[0m[ INFO] [1778924089.753170980]: Published filtered LaserScan with 659 points (after trim and radius filter)[0m
[0m[ INFO] [1778924089.852764684]: Published filtered LaserScan with 660 points (after trim and radius filter)[0m
[0m[ INFO] [1778924089.951534157]: Published filtered LaserScan with 660 points (after trim and radius filter)[0m
[0m[ INFO] [1778924090.043370292]: Published filtered LaserScan with 661 points (after trim and radius filter)[0m
[0m[ INFO] [1778924090.140910424]: Published filtered LaserScan with 657 points (after trim and radius filter)[0m
[0m[ INFO] [1778924090.242931620]: Published filtered LaserScan with 660 points (after trim and radius filter)[0m
[0m[ INFO] [1778924090.342780823]: Published filtered LaserScan with 659 points (after trim and radius filter)[0m
[0m[ INFO] [1778924090.438723534]: Published filtered LaserScan with 656 points (after trim and radius filter)[0m
[0m[ INFO] [1778924090.538845148]: Published filtered LaserScan with 663 points (after trim and radius filter)[0m
[0m[ INFO] [1778924090.640911551]: Published filtered LaserScan with 661 points (after trim and radius filter)[0m
[0m[ INFO] [1778924090.742403092]: Published filtered LaserScan with 663 points (after trim and radius filter)[0m
[0m[ INFO] [1778924090.844113669]: Published filtered LaserScan with 664 points (after trim and radius filter)[0m
[0m[ INFO] [1778924090.942909689]: Published filtered LaserScan with 660 points (after trim and radius filter)[0m
[0m[ INFO] [1778924091.043376047]: Published filtered LaserScan with 660 points (after trim and radius filter)[0m
[0m[ INFO] [1778924091.142557939]: Published filtered LaserScan with 659 points (after trim and radius filter)[0m
[0m[ INFO] [1778924091.243963154]: Published filtered LaserScan with 658 points (after trim and radius filter)[0m
[0m[ INFO] [1778924091.356262161]: Published filtered LaserScan with 663 points (after trim and radius filter)[0m
[0m[ INFO] [1778924091.442588555]: Published filtered LaserScan with 659 points (after trim and radius filter)[0m
[0m[ INFO] [1778924091.541257417]: Published filtered LaserScan with 657 points (after trim and radius filter)[0m
[0m[ INFO] [1778924091.668050758]: Published filtered LaserScan with 658 points (after trim and radius filter)[0m
[0m[ INFO] [1778924091.741130831]: Published filtered LaserScan with 657 points (after trim and radius filter)[0m
[0m[ INFO] [1778924091.839930065]: Published filtered LaserScan with 661 points (after trim and radius filter)[0m
[0m[ INFO] [1778924091.940205389]: Published filtered LaserScan with 660 points (after trim and radius filter)[0m
[0m[ INFO] [1778924092.073866160]: Published filtered LaserScan with 662 points (after trim and radius filter)[0m
[0m[ INFO] [1778924092.147996213]: Published filtered LaserScan with 666 points (after trim and radius filter)[0m
[0m[ INFO] [1778924092.235433837]: Published filtered LaserScan with 661 points (after trim and radius filter)[0m
[0m[ INFO] [1778924092.344200265]: Published filtered LaserScan with 662 points (after trim and radius filter)[0m
[0m[ INFO] [1778924092.449574978]: Published filtered LaserScan with 662 points (after trim and radius filter)[0m
[0m[ INFO] [1778924092.537128099]: Published filtered LaserScan with 667 points (after trim and radius filter)[0m
[0m[ INFO] [1778924092.645339789]: Published filtered LaserScan with 660 points (after trim and radius filter)[0m
[0m[ INFO] [1778924092.739569883]: Published filtered LaserScan with 659 points (after trim and radius filter)[0m
[0m[ INFO] [1778924092.838278415]: Published filtered LaserScan with 659 points (after trim and radius filter)[0m
[0m[ INFO] [1778924092.940112960]: Published filtered LaserScan with 661 points (after trim and radius filter)[0m
[0m[ INFO] [1778924093.038873410]: Published filtered LaserScan with 662 points (after trim and radius filter)[0m
[0m[ INFO] [1778924093.129362677]: Published filtered LaserScan with 663 points (after trim and radius filter)[0m
[0m[ INFO] [1778924093.250439788]: Published filtered LaserScan with 659 points (after trim and radius filter)[0m
[0m[ INFO] [1778924093.366803089]: Published filtered LaserScan with 656 points (after trim and radius filter)[0m
[0m[ INFO] [1778924093.441874917]: Published filtered LaserScan with 665 points (after trim and radius filter)[0m
[0m[ INFO] [1778924093.532869340]: Published filtered LaserScan with 661 points (after trim and radius filter)[0m
[0m[ INFO] [1778924093.652014203]: Published filtered LaserScan with 661 points (after trim and radius filter)[0m
[0m[ INFO] [1778924093.743321868]: Published filtered LaserScan with 662 points (after trim and radius filter)[0m
[0m[ INFO] [1778924093.841001721]: Published filtered LaserScan with 666 points (after trim and radius filter)[0m
[0m[ INFO] [1778924093.938048964]: Published filtered LaserScan with 660 points (after trim and radius filter)[0m
[0m[ INFO] [1778924094.045650509]: Published filtered LaserScan with 665 points (after trim and radius filter)[0m
[0m[ INFO] [1778924094.142696007]: Published filtered LaserScan with 664 points (after trim and radius filter)[0m
[0m[ INFO] [1778924094.238076127]: Published filtered LaserScan with 660 points (after trim and radius filter)[0m
[0m[ INFO] [1778924094.341478646]: Published filtered LaserScan with 665 points (after trim and radius filter)[0m
[0m[ INFO] [1778924094.434129120]: Published filtered LaserScan with 658 points (after trim and radius filter)[0m
[0m[ INFO] [1778924094.532780498]: Published filtered LaserScan with 660 points (after trim and radius filter)[0m
[0m[ INFO] [1778924094.631701078]: Published filtered LaserScan with 662 points (after trim and radius filter)[0m
[0m[ INFO] [1778924094.728472124]: Published filtered LaserScan with 661 points (after trim and radius filter)[0m
[0m[ INFO] [1778924094.825529288]: Published filtered LaserScan with 659 points (after trim and radius filter)[0m
[0m[ INFO] [1778924094.925404472]: Published filtered LaserScan with 658 points (after trim and radius filter)[0m
[0m[ INFO] [1778924095.032649614]: Published filtered LaserScan with 661 points (after trim and radius filter)[0m
[0m[ INFO] [1778924095.135315115]: Published filtered LaserScan with 662 points (after trim and radius filter)[0m
[0m[ INFO] [1778924095.236891265]: Published filtered LaserScan with 657 points (after trim and radius filter)[0m
[0m[ INFO] [1778924095.330740174]: Published filtered LaserScan with 665 points (after trim and radius filter)[0m
[0m[ INFO] [1778924095.431109727]: Published filtered LaserScan with 662 points (after trim and radius filter)[0m
[0m[ INFO] [1778924095.535164404]: Published filtered LaserScan with 659 points (after trim and radius filter)[0m
[0m[ INFO] [1778924095.625586017]: Published filtered LaserScan with 659 points (after trim and radius filter)[0m
[0m[ INFO] [1778924095.728739173]: Published filtered LaserScan with 659 points (after trim and radius filter)[0m
[0m[ INFO] [1778924095.825406393]: Published filtered LaserScan with 661 points (after trim and radius filter)[0m
[0m[ INFO] [1778924095.935294271]: Published filtered LaserScan with 666 points (after trim and radius filter)[0m
[0m[ INFO] [1778924096.022657245]: Published filtered LaserScan with 655 points (after trim and radius filter)[0m
[0m[ INFO] [1778924096.157486439]: Published filtered LaserScan with 659 points (after trim and radius filter)[0m
[0m[ INFO] [1778924096.234638982]: Published filtered LaserScan with 658 points (after trim and radius filter)[0m
[0m[ INFO] [1778924096.325263886]: Published filtered LaserScan with 658 points (after trim and radius filter)[0m
[0m[ INFO] [1778924096.433944006]: Published filtered LaserScan with 663 points (after trim and radius filter)[0m
[0m[ INFO] [1778924096.553986618]: Published filtered LaserScan with 660 points (after trim and radius filter)[0m
[0m[ INFO] [1778924096.626911549]: Published filtered LaserScan with 661 points (after trim and radius filter)[0m
[0m[ INFO] [1778924096.730487326]: Published filtered LaserScan with 662 points (after trim and radius filter)[0m
[0m[ INFO] [1778924096.830293397]: Published filtered LaserScan with 659 points (after trim and radius filter)[0m
[0m[ INFO] [1778924096.921204128]: Published filtered LaserScan with 659 points (after trim and radius filter)[0m
[0m[ INFO] [1778924097.024536953]: Published filtered LaserScan with 662 points (after trim and radius filter)[0m
[0m[ INFO] [1778924097.123145765]: Published filtered LaserScan with 663 points (after trim and radius filter)[0m
[0m[ INFO] [1778924097.232710496]: Published filtered LaserScan with 658 points (after trim and radius filter)[0m
[0m[ INFO] [1778924097.335098056]: Published filtered LaserScan with 662 points (after trim and radius filter)[0m
[0m[ INFO] [1778924097.422036381]: Published filtered LaserScan with 658 points (after trim and radius filter)[0m
[0m[ INFO] [1778924097.523138303]: Published filtered LaserScan with 661 points (after trim and radius filter)[0m
[0m[ INFO] [1778924097.623189666]: Published filtered LaserScan with 658 points (after trim and radius filter)[0m
[0m[ INFO] [1778924097.720147098]: Published filtered LaserScan with 659 points (after trim and radius filter)[0m
[0m[ INFO] [1778924097.821967963]: Published filtered LaserScan with 659 points (after trim and radius filter)[0m
[0m[ INFO] [1778924097.944399277]: Published filtered LaserScan with 662 points (after trim and radius filter)[0m
[0m[ INFO] [1778924098.027037368]: Published filtered LaserScan with 656 points (after trim and radius filter)[0m
[0m[ INFO] [1778924098.123074327]: Published filtered LaserScan with 662 points (after trim and radius filter)[0m
[0m[ INFO] [1778924098.221470232]: Published filtered LaserScan with 665 points (after trim and radius filter)[0m
[0m[ INFO] [1778924098.337777858]: Published filtered LaserScan with 662 points (after trim and radius filter)[0m
[0m[ INFO] [1778924098.426869807]: Published filtered LaserScan with 662 points (after trim and radius filter)[0m
[0m[ INFO] [1778924098.519498717]: Published filtered LaserScan with 661 points (after trim and radius filter)[0m
[0m[ INFO] [1778924098.621162674]: Published filtered LaserScan with 658 points (after trim and radius filter)[0m
[0m[ INFO] [1778924098.722117896]: Published filtered LaserScan with 662 points (after trim and radius filter)[0m
[0m[ INFO] [1778924098.824155178]: Published filtered LaserScan with 662 points (after trim and radius filter)[0m
[0m[ INFO] [1778924098.922142467]: Published filtered LaserScan with 660 points (after trim and radius filter)[0m
[0m[ INFO] [1778924099.020189840]: Published filtered LaserScan with 661 points (after trim and radius filter)[0m
[0m[ INFO] [1778924099.121694264]: Published filtered LaserScan with 664 points (after trim and radius filter)[0m
[0m[ INFO] [1778924099.222268000]: Published filtered LaserScan with 662 points (after trim and radius filter)[0m
[0m[ INFO] [1778924099.326233160]: Published filtered LaserScan with 660 points (after trim and radius filter)[0m
[0m[ INFO] [1778924099.427494340]: Published filtered LaserScan with 662 points (after trim and radius filter)[0m
[0m[ INFO] [1778924099.518687704]: Published filtered LaserScan with 660 points (after trim and radius filter)[0m
[0m[ INFO] [1778924099.618947615]: Published filtered LaserScan with 658 points (after trim and radius filter)[0m
[0m[ INFO] [1778924099.718296670]: Published filtered LaserScan with 660 points (after trim and radius filter)[0m
[0m[ INFO] [1778924099.817237402]: Published filtered LaserScan with 663 points (after trim and radius filter)[0m
[0m[ INFO] [1778924099.944061423]: Published filtered LaserScan with 659 points (after trim and radius filter)[0m
[0m[ INFO] [1778924100.027700792]: Published filtered LaserScan with 662 points (after trim and radius filter)[0m
[0m[ INFO] [1778924100.147017488]: Published filtered LaserScan with 663 points (after trim and radius filter)[0m
[0m[ INFO] [1778924100.217612361]: Published filtered LaserScan with 663 points (after trim and radius filter)[0m
[0m[ INFO] [1778924100.345345202]: Published filtered LaserScan with 663 points (after trim and radius filter)[0m
[0m[ INFO] [1778924100.413825248]: Published filtered LaserScan with 664 points (after trim and radius filter)[0m
[0m[ INFO] [1778924100.519149258]: Published filtered LaserScan with 659 points (after trim and radius filter)[0m
[0m[ INFO] [1778924100.624742762]: Published filtered LaserScan with 658 points (after trim and radius filter)[0m
[0m[ INFO] [1778924100.718357202]: Published filtered LaserScan with 659 points (after trim and radius filter)[0m
[0m[ INFO] [1778924100.820651447]: Published filtered LaserScan with 661 points (after trim and radius filter)[0m
[0m[ INFO] [1778924100.929118970]: Published filtered LaserScan with 661 points (after trim and radius filter)[0m
[0m[ INFO] [1778924101.014657050]: Published filtered LaserScan with 661 points (after trim and radius filter)[0m
[0m[ INFO] [1778924101.119533951]: Published filtered LaserScan with 663 points (after trim and radius filter)[0m
[0m[ INFO] [1778924101.217925497]: Published filtered LaserScan with 662 points (after trim and radius filter)[0m
[0m[ INFO] [1778924101.314287089]: Published filtered LaserScan with 662 points (after trim and radius filter)[0m
[0m[ INFO] [1778924101.417607108]: Published filtered LaserScan with 663 points (after trim and radius filter)[0m
[0m[ INFO] [1778924101.513961117]: Published filtered LaserScan with 658 points (after trim and radius filter)[0m
[0m[ INFO] [1778924101.615558883]: Published filtered LaserScan with 655 points (after trim and radius filter)[0m
[0m[ INFO] [1778924101.713493398]: Published filtered LaserScan with 663 points (after trim and radius filter)[0m
[0m[ INFO] [1778924101.815058789]: Published filtered LaserScan with 663 points (after trim and radius filter)[0m
[0m[ INFO] [1778924101.915215463]: Published filtered LaserScan with 662 points (after trim and radius filter)[0m
[0m[ INFO] [1778924102.020791474]: Published filtered LaserScan with 661 points (after trim and radius filter)[0m
[0m[ INFO] [1778924102.121453600]: Published filtered LaserScan with 664 points (after trim and radius filter)[0m
[0m[ INFO] [1778924102.236477363]: Published filtered LaserScan with 662 points (after trim and radius filter)[0m
[0m[ INFO] [1778924102.312614953]: Published filtered LaserScan with 660 points (after trim and radius filter)[0m
[0m[ INFO] [1778924102.415920686]: Published filtered LaserScan with 659 points (after trim and radius filter)[0m
[0m[ INFO] [1778924102.513254095]: Published filtered LaserScan with 656 points (after trim and radius filter)[0m
[0m[ INFO] [1778924102.612487086]: Published filtered LaserScan with 663 points (after trim and radius filter)[0m
[0m[ INFO] [1778924102.712205691]: Published filtered LaserScan with 664 points (after trim and radius filter)[0m
[0m[ INFO] [1778924102.824615887]: Published filtered LaserScan with 660 points (after trim and radius filter)[0m
[0m[ INFO] [1778924102.921565763]: Published filtered LaserScan with 664 points (after trim and radius filter)[0m
[0m[ INFO] [1778924103.018176438]: Published filtered LaserScan with 660 points (after trim and radius filter)[0m
[0m[ INFO] [1778924103.118264874]: Published filtered LaserScan with 663 points (after trim and radius filter)[0m
[0m[ INFO] [1778924103.213310213]: Published filtered LaserScan with 659 points (after trim and radius filter)[0m
[0m[ INFO] [1778924103.319242060]: Published filtered LaserScan with 661 points (after trim and radius filter)[0m
[0m[ INFO] [1778924103.416547766]: Published filtered LaserScan with 659 points (after trim and radius filter)[0m
[0m[ INFO] [1778924103.515109652]: Published filtered LaserScan with 662 points (after trim and radius filter)[0m
[0m[ INFO] [1778924103.610680855]: Published filtered LaserScan with 664 points (after trim and radius filter)[0m
[0m[ INFO] [1778924103.709193451]: Published filtered LaserScan with 661 points (after trim and radius filter)[0m
[0m[ INFO] [1778924103.809642961]: Published filtered LaserScan with 663 points (after trim and radius filter)[0m
[0m[ INFO] [1778924103.910499338]: Published filtered LaserScan with 657 points (after trim and radius filter)[0m
[0m[ INFO] [1778924104.009224263]: Published filtered LaserScan with 664 points (after trim and radius filter)[0m
[0m[ INFO] [1778924104.109632655]: Published filtered LaserScan with 658 points (after trim and radius filter)[0m
[0m[ INFO] [1778924104.214847606]: Published filtered LaserScan with 656 points (after trim and radius filter)[0m
[0m[ INFO] [1778924104.310399273]: Published filtered LaserScan with 664 points (after trim and radius filter)[0m
[0m[ INFO] [1778924104.410254969]: Published filtered LaserScan with 660 points (after trim and radius filter)[0m
[0m[ INFO] [1778924104.510543197]: Published filtered LaserScan with 661 points (after trim and radius filter)[0m
[0m[ INFO] [1778924104.609896363]: Published filtered LaserScan with 662 points (after trim and radius filter)[0m
[0m[ INFO] [1778924104.709776558]: Published filtered LaserScan with 658 points (after trim and radius filter)[0m
[0m[ INFO] [1778924104.812695269]: Published filtered LaserScan with 659 points (after trim and radius filter)[0m
[0m[ INFO] [1778924104.946972116]: Published filtered LaserScan with 659 points (after trim and radius filter)[0m
[0m[ INFO] [1778924105.036259507]: Published filtered LaserScan with 663 points (after trim and radius filter)[0m
[0m[ INFO] [1778924105.109344011]: Published filtered LaserScan with 662 points (after trim and radius filter)[0m
[0m[ INFO] [1778924105.203978411]: Published filtered LaserScan with 660 points (after trim and radius filter)[0m
[0m[ INFO] [1778924105.309202410]: Published filtered LaserScan with 659 points (after trim and radius filter)[0m
[0m[ INFO] [1778924105.424581434]: Published filtered LaserScan with 656 points (after trim and radius filter)[0m
[0m[ INFO] [1778924105.510032038]: Published filtered LaserScan with 664 points (after trim and radius filter)[0m
[0m[ INFO] [1778924105.640627557]: Published filtered LaserScan with 658 points (after trim and radius filter)[0m
[0m[ INFO] [1778924105.705772195]: Published filtered LaserScan with 662 points (after trim and radius filter)[0m
[0m[ INFO] [1778924105.811016902]: Published filtered LaserScan with 663 points (after trim and radius filter)[0m
[0m[ INFO] [1778924105.905608720]: Published filtered LaserScan with 661 points (after trim and radius filter)[0m
[0m[ INFO] [1778924106.004578649]: Published filtered LaserScan with 656 points (after trim and radius filter)[0m
[0m[ INFO] [1778924106.108035776]: Published filtered LaserScan with 658 points (after trim and radius filter)[0m
[0m[ INFO] [1778924106.207390118]: Published filtered LaserScan with 660 points (after trim and radius filter)[0m
[0m[ INFO] [1778924106.303846525]: Published filtered LaserScan with 663 points (after trim and radius filter)[0m
[0m[ INFO] [1778924106.403575359]: Published filtered LaserScan with 660 points (after trim and radius filter)[0m
[0m[ INFO] [1778924106.505273191]: Published filtered LaserScan with 664 points (after trim and radius filter)[0m
[0m[ INFO] [1778924106.602713951]: Published filtered LaserScan with 663 points (after trim and radius filter)[0m
[0m[ INFO] [1778924106.702143834]: Published filtered LaserScan with 664 points (after trim and radius filter)[0m
[0m[ INFO] [1778924106.819521027]: Published filtered LaserScan with 663 points (after trim and radius filter)[0m
[0m[ INFO] [1778924106.976007230]: Published filtered LaserScan with 662 points (after trim and radius filter)[0m
[0m[ INFO] [1778924107.016586791]: Published filtered LaserScan with 658 points (after trim and radius filter)[0m
[0m[ INFO] [1778924107.112614171]: Published filtered LaserScan with 662 points (after trim and radius filter)[0m
[0m[ INFO] [1778924107.227418344]: Published filtered LaserScan with 656 points (after trim and radius filter)[0m
[0m[ INFO] [1778924107.303424999]: Published filtered LaserScan with 660 points (after trim and radius filter)[0m
[0m[ INFO] [1778924107.403796366]: Published filtered LaserScan with 657 points (after trim and radius filter)[0m
[0m[ INFO] [1778924107.499826079]: Published filtered LaserScan with 661 points (after trim and radius filter)[0m
[0m[ INFO] [1778924107.604253564]: Published filtered LaserScan with 662 points (after trim and radius filter)[0m
[0m[ INFO] [1778924107.697875622]: Published filtered LaserScan with 661 points (after trim and radius filter)[0m
[0m[ INFO] [1778924107.810053687]: Published filtered LaserScan with 661 points (after trim and radius filter)[0m
[0m[ INFO] [1778924107.918932199]: Published filtered LaserScan with 657 points (after trim and radius filter)[0m
[0m[ INFO] [1778924108.059360768]: Published filtered LaserScan with 663 points (after trim and radius filter)[0m
[0m[ INFO] [1778924108.097092561]: Published filtered LaserScan with 657 points (after trim and radius filter)[0m
[0m[ INFO] [1778924108.199216228]: Published filtered LaserScan with 662 points (after trim and radius filter)[0m
[0m[ INFO] [1778924108.301846217]: Published filtered LaserScan with 660 points (after trim and radius filter)[0m
[0m[ INFO] [1778924108.403893761]: Published filtered LaserScan with 659 points (after trim and radius filter)[0m
[0m[ INFO] [1778924108.510053130]: Published filtered LaserScan with 660 points (after trim and radius filter)[0m
[0m[ INFO] [1778924108.600430473]: Published filtered LaserScan with 664 points (after trim and radius filter)[0m
[0m[ INFO] [1778924108.702720678]: Published filtered LaserScan with 661 points (after trim and radius filter)[0m
[0m[ INFO] [1778924108.803754702]: Published filtered LaserScan with 660 points (after trim and radius filter)[0m
[0m[ INFO] [1778924108.916506468]: Published filtered LaserScan with 664 points (after trim and radius filter)[0m
[0m[ INFO] [1778924108.999373559]: Published filtered LaserScan with 660 points (after trim and radius filter)[0m
[0m[ INFO] [1778924109.099224323]: Published filtered LaserScan with 659 points (after trim and radius filter)[0m
[0m[ INFO] [1778924109.209962472]: Published filtered LaserScan with 661 points (after trim and radius filter)[0m
[0m[ INFO] [1778924109.309379829]: Published filtered LaserScan with 658 points (after trim and radius filter)[0m
[0m[ INFO] [1778924109.408373403]: Published filtered LaserScan with 665 points (after trim and radius filter)[0m
[0m[ INFO] [1778924109.504933364]: Published filtered LaserScan with 661 points (after trim and radius filter)[0m
[0m[ INFO] [1778924109.596287190]: Published filtered LaserScan with 661 points (after trim and radius filter)[0m
[0m[ INFO] [1778924109.698178700]: Published filtered LaserScan with 664 points (after trim and radius filter)[0m
[0m[ INFO] [1778924109.803351972]: Published filtered LaserScan with 662 points (after trim and radius filter)[0m
[0m[ INFO] [1778924109.930137852]: Published filtered LaserScan with 659 points (after trim and radius filter)[0m
[0m[ INFO] [1778924110.013797389]: Published filtered LaserScan with 665 points (after trim and radius filter)[0m
[0m[ INFO] [1778924110.095988129]: Published filtered LaserScan with 662 points (after trim and radius filter)[0m
[0m[ INFO] [1778924110.206884072]: Published filtered LaserScan with 663 points (after trim and radius filter)[0m
[0m[ INFO] [1778924110.309595737]: Published filtered LaserScan with 662 points (after trim and radius filter)[0m
[0m[ INFO] [1778924110.399951505]: Published filtered LaserScan with 662 points (after trim and radius filter)[0m
[0m[ INFO] [1778924110.498833670]: Published filtered LaserScan with 658 points (after trim and radius filter)[0m
[0m[ INFO] [1778924110.593115187]: Published filtered LaserScan with 661 points (after trim and radius filter)[0m
[0m[ INFO] [1778924110.700618246]: Published filtered LaserScan with 663 points (after trim and radius filter)[0m
[0m[ INFO] [1778924110.813307900]: Published filtered LaserScan with 662 points (after trim and radius filter)[0m
[0m[ INFO] [1778924110.899455303]: Published filtered LaserScan with 662 points (after trim and radius filter)[0m
[0m[ INFO] [1778924110.995149913]: Published filtered LaserScan with 663 points (after trim and radius filter)[0m
[0m[ INFO] [1778924111.099425173]: Published filtered LaserScan with 660 points (after trim and radius filter)[0m
[0m[ INFO] [1778924111.196346220]: Published filtered LaserScan with 658 points (after trim and radius filter)[0m
[0m[ INFO] [1778924111.311234123]: Published filtered LaserScan with 663 points (after trim and radius filter)[0m
[0m[ INFO] [1778924111.434735921]: Published filtered LaserScan with 663 points (after trim and radius filter)[0m
[0m[ INFO] [1778924111.494148288]: Published filtered LaserScan with 658 points (after trim and radius filter)[0m
[0m[ INFO] [1778924111.597028246]: Published filtered LaserScan with 660 points (after trim and radius filter)[0m
[0m[ INFO] [1778924111.699993952]: Published filtered LaserScan with 664 points (after trim and radius filter)[0m
[0m[ INFO] [1778924111.791962315]: Published filtered LaserScan with 665 points (after trim and radius filter)[0m
[0m[ INFO] [1778924111.904412814]: Published filtered LaserScan with 664 points (after trim and radius filter)[0m
[0m[ INFO] [1778924111.995496279]: Published filtered LaserScan with 659 points (after trim and radius filter)[0m
[0m[ INFO] [1778924112.091074527]: Published filtered LaserScan with 660 points (after trim and radius filter)[0m
[0m[ INFO] [1778924112.196884509]: Published filtered LaserScan with 661 points (after trim and radius filter)[0m
[0m[ INFO] [1778924112.297635352]: Published filtered LaserScan with 661 points (after trim and radius filter)[0m
[0m[ INFO] [1778924112.400235029]: Published filtered LaserScan with 660 points (after trim and radius filter)[0m
[0m[ INFO] [1778924112.495635072]: Published filtered LaserScan with 660 points (after trim and radius filter)[0m
[0m[ INFO] [1778924112.608618148]: Published filtered LaserScan with 663 points (after trim and radius filter)[0m
[0m[ INFO] [1778924112.690980684]: Published filtered LaserScan with 662 points (after trim and radius filter)[0m
[0m[ INFO] [1778924112.789544366]: Published filtered LaserScan with 658 points (after trim and radius filter)[0m
[0m[ INFO] [1778924112.895836171]: Published filtered LaserScan with 663 points (after trim and radius filter)[0m
[0m[ INFO] [1778924112.997882569]: Published filtered LaserScan with 665 points (after trim and radius filter)[0m
[0m[ INFO] [1778924113.093810814]: Published filtered LaserScan with 666 points (after trim and radius filter)[0m
[0m[ INFO] [1778924113.193758429]: Published filtered LaserScan with 658 points (after trim and radius filter)[0m
[0m[ INFO] [1778924113.293229472]: Published filtered LaserScan with 665 points (after trim and radius filter)[0m
[0m[ INFO] [1778924113.388350401]: Published filtered LaserScan with 659 points (after trim and radius filter)[0m
[0m[ INFO] [1778924113.492959623]: Published filtered LaserScan with 662 points (after trim and radius filter)[0m
[0m[ INFO] [1778924113.588540500]: Published filtered LaserScan with 663 points (after trim and radius filter)[0m
[0m[ INFO] [1778924113.685099898]: Published filtered LaserScan with 660 points (after trim and radius filter)[0m
[0m[ INFO] [1778924113.788438648]: Published filtered LaserScan with 658 points (after trim and radius filter)[0m
[0m[ INFO] [1778924113.906167334]: Published filtered LaserScan with 661 points (after trim and radius filter)[0m
[0m[ INFO] [1778924113.987972220]: Published filtered LaserScan with 659 points (after trim and radius filter)[0m
[0m[ INFO] [1778924114.091848796]: Published filtered LaserScan with 664 points (after trim and radius filter)[0m
[0m[ INFO] [1778924114.197367712]: Published filtered LaserScan with 665 points (after trim and radius filter)[0m
[0m[ INFO] [1778924114.287019431]: Published filtered LaserScan with 658 points (after trim and radius filter)[0m
[0m[ INFO] [1778924114.392894756]: Published filtered LaserScan with 663 points (after trim and radius filter)[0m
[0m[ INFO] [1778924114.485436538]: Published filtered LaserScan with 662 points (after trim and radius filter)[0m
[0m[ INFO] [1778924114.596883450]: Published filtered LaserScan with 663 points (after trim and radius filter)[0m
[0m[ INFO] [1778924114.686046347]: Published filtered LaserScan with 664 points (after trim and radius filter)[0m
[0m[ INFO] [1778924114.809777117]: Published filtered LaserScan with 664 points (after trim and radius filter)[0m
[0m[ INFO] [1778924114.886080710]: Published filtered LaserScan with 662 points (after trim and radius filter)[0m
[0m[ INFO] [1778924114.985543883]: Published filtered LaserScan with 660 points (after trim and radius filter)[0m
[0m[ INFO] [1778924115.096611933]: Published filtered LaserScan with 665 points (after trim and radius filter)[0m
[0m[ INFO] [1778924115.195634412]: Published filtered LaserScan with 660 points (after trim and radius filter)[0m
[0m[ INFO] [1778924115.299585659]: Published filtered LaserScan with 663 points (after trim and radius filter)[0m
[0m[ INFO] [1778924115.381742295]: Published filtered LaserScan with 662 points (after trim and radius filter)[0m
[0m[ INFO] [1778924115.491129508]: Published filtered LaserScan with 662 points (after trim and radius filter)[0m
[0m[ INFO] [1778924115.582498819]: Published filtered LaserScan with 661 points (after trim and radius filter)[0m
[0m[ INFO] [1778924115.683956662]: Published filtered LaserScan with 658 points (after trim and radius filter)[0m
[0m[ INFO] [1778924115.786338194]: Published filtered LaserScan with 660 points (after trim and radius filter)[0m
[0m[ INFO] [1778924115.883175553]: Published filtered LaserScan with 656 points (after trim and radius filter)[0m
[0m[ INFO] [1778924115.982605482]: Published filtered LaserScan with 663 points (after trim and radius filter)[0m
[0m[ INFO] [1778924116.101038253]: Published filtered LaserScan with 658 points (after trim and radius filter)[0m
[0m[ INFO] [1778924116.184735444]: Published filtered LaserScan with 660 points (after trim and radius filter)[0m
[0m[ INFO] [1778924116.286617657]: Published filtered LaserScan with 658 points (after trim and radius filter)[0m
[0m[ INFO] [1778924116.389789302]: Published filtered LaserScan with 661 points (after trim and radius filter)[0m
[0m[ INFO] [1778924116.479533195]: Published filtered LaserScan with 660 points (after trim and radius filter)[0m
[0m[ INFO] [1778924116.583053373]: Published filtered LaserScan with 660 points (after trim and radius filter)[0m
[0m[ INFO] [1778924116.682582763]: Published filtered LaserScan with 663 points (after trim and radius filter)[0m
[0m[ INFO] [1778924116.791197664]: Published filtered LaserScan with 656 points (after trim and radius filter)[0m
[0m[ INFO] [1778924116.878006287]: Published filtered LaserScan with 660 points (after trim and radius filter)[0m
[0m[ INFO] [1778924116.978318493]: Published filtered LaserScan with 665 points (after trim and radius filter)[0m
[0m[ INFO] [1778924117.087112479]: Published filtered LaserScan with 664 points (after trim and radius filter)[0m
[0m[ INFO] [1778924117.179603233]: Published filtered LaserScan with 660 points (after trim and radius filter)[0m
[0m[ INFO] [1778924117.280686011]: Published filtered LaserScan with 661 points (after trim and radius filter)[0m
[0m[ INFO] [1778924117.385527416]: Published filtered LaserScan with 660 points (after trim and radius filter)[0m
[0m[ INFO] [1778924117.479577387]: Published filtered LaserScan with 665 points (after trim and radius filter)[0m
[0m[ INFO] [1778924117.590102087]: Published filtered LaserScan with 664 points (after trim and radius filter)[0m
[0m[ INFO] [1778924117.680021855]: Published filtered LaserScan with 661 points (after trim and radius filter)[0m
[0m[ INFO] [1778924117.786767219]: Published filtered LaserScan with 659 points (after trim and radius filter)[0m
[0m[ INFO] [1778924117.881179141]: Published filtered LaserScan with 659 points (after trim and radius filter)[0m
[0m[ INFO] [1778924117.982429915]: Published filtered LaserScan with 664 points (after trim and radius filter)[0m
[0m[ INFO] [1778924118.085528654]: Published filtered LaserScan with 659 points (after trim and radius filter)[0m
[0m[ INFO] [1778924118.196301853]: Published filtered LaserScan with 663 points (after trim and radius filter)[0m
[0m[ INFO] [1778924118.295658006]: Published filtered LaserScan with 667 points (after trim and radius filter)[0m
[0m[ INFO] [1778924118.380096606]: Published filtered LaserScan with 660 points (after trim and radius filter)[0m
[0m[ INFO] [1778924118.480351365]: Published filtered LaserScan with 664 points (after trim and radius filter)[0m
[0m[ INFO] [1778924118.575030452]: Published filtered LaserScan with 663 points (after trim and radius filter)[0m
[0m[ INFO] [1778924118.711611513]: Published filtered LaserScan with 660 points (after trim and radius filter)[0m
[0m[ INFO] [1778924118.784043037]: Published filtered LaserScan with 660 points (after trim and radius filter)[0m
[0m[ INFO] [1778924118.877018245]: Published filtered LaserScan with 664 points (after trim and radius filter)[0m
[0m[ INFO] [1778924118.981515787]: Published filtered LaserScan with 660 points (after trim and radius filter)[0m
[0m[ INFO] [1778924119.073372481]: Published filtered LaserScan with 657 points (after trim and radius filter)[0m
[0m[ INFO] [1778924119.182227143]: Published filtered LaserScan with 656 points (after trim and radius filter)[0m
[0m[ INFO] [1778924119.279364349]: Published filtered LaserScan with 663 points (after trim and radius filter)[0m
[0m[ INFO] [1778924119.388055682]: Published filtered LaserScan with 663 points (after trim and radius filter)[0m
[0m[ INFO] [1778924119.476520658]: Published filtered LaserScan with 663 points (after trim and radius filter)[0m
[0m[ INFO] [1778924119.580540757]: Published filtered LaserScan with 659 points (after trim and radius filter)[0m
[0m[ INFO] [1778924119.687358464]: Published filtered LaserScan with 658 points (after trim and radius filter)[0m
[0m[ INFO] [1778924119.787540604]: Published filtered LaserScan with 657 points (after trim and radius filter)[0m
[0m[ INFO] [1778924119.888792847]: Published filtered LaserScan with 661 points (after trim and radius filter)[0m
[0m[ INFO] [1778924119.977599940]: Published filtered LaserScan with 664 points (after trim and radius filter)[0m
[0m[ INFO] [1778924120.079465257]: Published filtered LaserScan with 661 points (after trim and radius filter)[0m
[0m[ INFO] [1778924120.208561450]: Published filtered LaserScan with 660 points (after trim and radius filter)[0m
[0m[ INFO] [1778924120.282065417]: Published filtered LaserScan with 664 points (after trim and radius filter)[0m
[0m[ INFO] [1778924120.376713306]: Published filtered LaserScan with 664 points (after trim and radius filter)[0m
[0m[ INFO] [1778924120.479676142]: Published filtered LaserScan with 663 points (after trim and radius filter)[0m
[0m[ INFO] [1778924120.583080551]: Published filtered LaserScan with 661 points (after trim and radius filter)[0m
[0m[ INFO] [1778924120.675379408]: Published filtered LaserScan with 661 points (after trim and radius filter)[0m
[0m[ INFO] [1778924120.770889153]: Published filtered LaserScan with 665 points (after trim and radius filter)[0m
[0m[ INFO] [1778924120.872020653]: Published filtered LaserScan with 661 points (after trim and radius filter)[0m
[0m[ INFO] [1778924120.971210570]: Published filtered LaserScan with 661 points (after trim and radius filter)[0m
[0m[ INFO] [1778924121.082913598]: Published filtered LaserScan with 664 points (after trim and radius filter)[0m
[0m[ INFO] [1778924121.182959835]: Published filtered LaserScan with 659 points (after trim and radius filter)[0m
[0m[ INFO] [1778924121.271629856]: Published filtered LaserScan with 661 points (after trim and radius filter)[0m
[0m[ INFO] [1778924121.382532277]: Published filtered LaserScan with 657 points (after trim and radius filter)[0m
[0m[ INFO] [1778924121.477509456]: Published filtered LaserScan with 660 points (after trim and radius filter)[0m
[0m[ INFO] [1778924121.575077454]: Published filtered LaserScan with 658 points (after trim and radius filter)[0m
[0m[ INFO] [1778924121.674262709]: Published filtered LaserScan with 664 points (after trim and radius filter)[0m
[0m[ INFO] [1778924121.771000933]: Published filtered LaserScan with 661 points (after trim and radius filter)[0m
[0m[ INFO] [1778924121.903674347]: Published filtered LaserScan with 663 points (after trim and radius filter)[0m
[0m[ INFO] [1778924121.970846370]: Published filtered LaserScan with 659 points (after trim and radius filter)[0m
[0m[ INFO] [1778924122.069913798]: Published filtered LaserScan with 661 points (after trim and radius filter)[0m
[0m[ INFO] [1778924122.179345089]: Published filtered LaserScan with 666 points (after trim and radius filter)[0m
[0m[ INFO] [1778924122.272326148]: Published filtered LaserScan with 658 points (after trim and radius filter)[0m
[0m[ INFO] [1778924122.371157041]: Published filtered LaserScan with 658 points (after trim and radius filter)[0m
[0m[ INFO] [1778924122.479766142]: Published filtered LaserScan with 665 points (after trim and radius filter)[0m
[0m[ INFO] [1778924122.568363836]: Published filtered LaserScan with 658 points (after trim and radius filter)[0m
[0m[ INFO] [1778924122.668443327]: Published filtered LaserScan with 659 points (after trim and radius filter)[0m
[0m[ INFO] [1778924122.768244282]: Published filtered LaserScan with 658 points (after trim and radius filter)[0m
[0m[ INFO] [1778924122.870358688]: Published filtered LaserScan with 663 points (after trim and radius filter)[0m
[0m[ INFO] [1778924122.972059227]: Published filtered LaserScan with 667 points (after trim and radius filter)[0m
[0m[ INFO] [1778924123.071473153]: Published filtered LaserScan with 660 points (after trim and radius filter)[0m
[0m[ INFO] [1778924123.170999368]: Published filtered LaserScan with 659 points (after trim and radius filter)[0m
[0m[ INFO] [1778924123.271591895]: Published filtered LaserScan with 659 points (after trim and radius filter)[0m
[0m[ INFO] [1778924123.364446670]: Published filtered LaserScan with 655 points (after trim and radius filter)[0m
[0m[ INFO] [1778924123.491692004]: Published filtered LaserScan with 661 points (after trim and radius filter)[0m
[0m[ INFO] [1778924123.575113896]: Published filtered LaserScan with 659 points (after trim and radius filter)[0m
[0m[ INFO] [1778924123.688752687]: Published filtered LaserScan with 659 points (after trim and radius filter)[0m
[0m[ INFO] [1778924123.782722771]: Published filtered LaserScan with 660 points (after trim and radius filter)[0m
[0m[ INFO] [1778924123.864850274]: Published filtered LaserScan with 660 points (after trim and radius filter)[0m
[0m[ INFO] [1778924123.978209070]: Published filtered LaserScan with 661 points (after trim and radius filter)[0m
[0m[ INFO] [1778924124.065018018]: Published filtered LaserScan with 663 points (after trim and radius filter)[0m
[0m[ INFO] [1778924124.167327555]: Published filtered LaserScan with 658 points (after trim and radius filter)[0m
[0m[ INFO] [1778924124.269783797]: Published filtered LaserScan with 663 points (after trim and radius filter)[0m
[0m[ INFO] [1778924124.366075795]: Published filtered LaserScan with 660 points (after trim and radius filter)[0m
[0m[ INFO] [1778924124.463621641]: Published filtered LaserScan with 659 points (after trim and radius filter)[0m
[0m[ INFO] [1778924124.566945281]: Published filtered LaserScan with 661 points (after trim and radius filter)[0m
[0m[ INFO] [1778924124.681958965]: Published filtered LaserScan with 660 points (after trim and radius filter)[0m
[0m[ INFO] [1778924124.762883372]: Published filtered LaserScan with 666 points (after trim and radius filter)[0m
[0m[ INFO] [1778924124.870781123]: Published filtered LaserScan with 666 points (after trim and radius filter)[0m
[0m[ INFO] [1778924124.969345156]: Published filtered LaserScan with 655 points (after trim and radius filter)[0m
[0m[ INFO] [1778924125.062316894]: Published filtered LaserScan with 663 points (after trim and radius filter)[0m
[0m[ INFO] [1778924125.161186884]: Published filtered LaserScan with 663 points (after trim and radius filter)[0m
[0m[ INFO] [1778924125.276545607]: Published filtered LaserScan with 663 points (after trim and radius filter)[0m
[0m[ INFO] [1778924125.368254165]: Published filtered LaserScan with 660 points (after trim and radius filter)[0m
[0m[ INFO] [1778924125.466967241]: Published filtered LaserScan with 666 points (after trim and radius filter)[0m
[0m[ INFO] [1778924125.564973333]: Published filtered LaserScan with 662 points (after trim and radius filter)[0m
[0m[ INFO] [1778924125.662640806]: Published filtered LaserScan with 660 points (after trim and radius filter)[0m
[0m[ INFO] [1778924125.762395985]: Published filtered LaserScan with 664 points (after trim and radius filter)[0m
[0m[ INFO] [1778924125.876453320]: Published filtered LaserScan with 662 points (after trim and radius filter)[0m
[0m[ INFO] [1778924125.972005088]: Published filtered LaserScan with 657 points (after trim and radius filter)[0m
[0m[ INFO] [1778924126.057798482]: Published filtered LaserScan with 662 points (after trim and radius filter)[0m
[0m[ INFO] [1778924126.166515810]: Published filtered LaserScan with 661 points (after trim and radius filter)[0m
[0m[ INFO] [1778924126.261625717]: Published filtered LaserScan with 659 points (after trim and radius filter)[0m
[0m[ INFO] [1778924126.361684228]: Published filtered LaserScan with 662 points (after trim and radius filter)[0m
[0m[ INFO] [1778924126.460376601]: Published filtered LaserScan with 658 points (after trim and radius filter)[0m
[0m[ INFO] [1778924126.566500775]: Published filtered LaserScan with 662 points (after trim and radius filter)[0m
[0m[ INFO] [1778924126.667525557]: Published filtered LaserScan with 663 points (after trim and radius filter)[0m
[0m[ INFO] [1778924126.770997371]: Published filtered LaserScan with 664 points (after trim and radius filter)[0m
[0m[ INFO] [1778924126.867863658]: Published filtered LaserScan with 662 points (after trim and radius filter)[0m
[0m[ INFO] [1778924126.956446203]: Published filtered LaserScan with 667 points (after trim and radius filter)[0m
[0m[ INFO] [1778924127.056747378]: Published filtered LaserScan with 712 points (after trim and radius filter)[0m
[0m[ INFO] [1778924127.161886911]: Published filtered LaserScan with 763 points (after trim and radius filter)[0m
[0m[ INFO] [1778924127.259483521]: Published filtered LaserScan with 803 points (after trim and radius filter)[0m
[0m[ INFO] [1778924127.357129712]: Published filtered LaserScan with 880 points (after trim and radius filter)[0m
[0m[ INFO] [1778924127.458964732]: Published filtered LaserScan with 878 points (after trim and radius filter)[0m
[0m[ INFO] [1778924127.556981624]: Published filtered LaserScan with 878 points (after trim and radius filter)[0m
[0m[ INFO] [1778924127.656900726]: Published filtered LaserScan with 877 points (after trim and radius filter)[0m
[0m[ INFO] [1778924127.764386377]: Published filtered LaserScan with 877 points (after trim and radius filter)[0m
[0m[ INFO] [1778924127.856623724]: Published filtered LaserScan with 877 points (after trim and radius filter)[0m
[0m[ INFO] [1778924127.964094792]: Published filtered LaserScan with 877 points (after trim and radius filter)[33m[ WARN] [1778924127.983307929]: TebLocalPlannerROS: trajectory is not feasible. Resetting planner...[0m
[33m[ WARN] [1778924128.104202968]: TebLocalPlannerROS: trajectory is not feasible. Resetting planner...[0m
[33m[ WARN] [1778924128.156930526]: TebLocalPlannerROS: trajectory is not feasible. Resetting planner...[0m
[33m[ WARN] [1778924128.251796031]: TebLocalPlannerROS: trajectory is not feasible. Resetting planner...[0m
[33m[ WARN] [1778924128.347773929]: TebLocalPlannerROS: trajectory is not feasible. Resetting planner...[0m
[33m[ WARN] [1778924128.450109443]: TebLocalPlannerROS: trajectory is not feasible. Resetting planner...[0m
[33m[ WARN] [1778924128.597693464]: TebLocalPlannerROS: trajectory is not feasible. Resetting planner...[0m
[33m[ WARN] [1778924128.657562038]: TebLocalPlannerROS: trajectory is not feasible. Resetting planner...[0m
[33m[ WARN] [1778924128.760323960]: TebLocalPlannerROS: trajectory is not feasible. Resetting planner...[0m
[33m[ WARN] [1778924128.933342821]: TebLocalPlannerROS: trajectory is not feasible. Resetting planner...[0m
[33m[ WARN] [1778924129.059759290]: TebLocalPlannerROS: trajectory is not feasible. Resetting planner...[0m
[33m[ WARN] [1778924129.183519609]: TebLocalPlannerROS: trajectory is not feasible. Resetting planner...[0m
[33m[ WARN] [1778924129.284400617]: TebLocalPlannerROS: trajectory is not feasible. Resetting planner...[0m
[33m[ WARN] [1778924129.346497481]: TebLocalPlannerROS: trajectory is not feasible. Resetting planner...[0m
[33m[ WARN] [1778924129.445359906]: TebLocalPlannerROS: trajectory is not feasible. Resetting planner...[0m
[33m[ WARN] [1778924129.551543887]: TebLocalPlannerROS: trajectory is not feasible. Resetting planner...[0m
[33m[ WARN] [1778924129.693133124]: TebLocalPlannerROS: trajectory is not feasible. Resetting planner...[0m
[33m[ WARN] [1778924129.783106902]: TebLocalPlannerROS: trajectory is not feasible. Resetting planner...[0m
[33m[ WARN] [1778924129.907983407]: TebLocalPlannerROS: trajectory is not feasible. Resetting planner...[0m
[33m[ WARN] [1778924129.969076958]: TebLocalPlannerROS: trajectory is not feasible. Resetting planner...[0m
[33m[ WARN] [1778924130.120021796]: TebLocalPlannerROS: trajectory is not feasible. Resetting planner...[0m
[33m[ WARN] [1778924130.253581916]: TebLocalPlannerROS: trajectory is not feasible. Resetting planner...[0m
[33m[ WARN] [1778924130.348725966]: TebLocalPlannerROS: trajectory is not feasible. Resetting planner...[0m
[33m[ WARN] [1778924130.466875617]: TebLocalPlannerROS: trajectory is not feasible. Resetting planner...[0m
[33m[ WARN] [1778924130.558205913]: TebLocalPlannerROS: trajectory is not feasible. Resetting planner...[0m
[33m[ WARN] [1778924130.740508055]: TebLocalPlannerROS: trajectory is not feasible. Resetting planner...[0m
[33m[ WARN] [1778924130.858876743]: TebLocalPlannerROS: trajectory is not feasible. Resetting planner...[0m
[31m[ERROR] [1778924130.913819760]: Aborting because a valid control could not be found. Even after executing all recovery behaviors[0m
[0m
[0m[ INFO] [1778924128.061080667]: Published filtered LaserScan with 877 points (after trim and radius filter)[0m
[0m[ INFO] [1778924128.154629616]: Published filtered LaserScan with 877 points (after trim and radius filter)[0m
[0m[ INFO] [1778924128.257824654]: Published filtered LaserScan with 878 points (after trim and radius filter)[0m
[0m[ INFO] [1778924128.356148378]: Published filtered LaserScan with 876 points (after trim and radius filter)[0m
[0m[ INFO] [1778924128.459243668]: Published filtered LaserScan with 878 points (after trim and radius filter)[0m
[0m[ INFO] [1778924128.555794095]: Published filtered LaserScan with 877 points (after trim and radius filter)[0m
[0m[ INFO] [1778924128.656245482]: Published filtered LaserScan with 876 points (after trim and radius filter)[0m
[0m[ INFO] [1778924128.757904928]: Published filtered LaserScan with 876 points (after trim and radius filter)[0m
[0m[ INFO] [1778924128.854294067]: Published filtered LaserScan with 875 points (after trim and radius filter)[0m
[0m[ INFO] [1778924128.961023155]: Published filtered LaserScan with 879 points (after trim and radius filter)[0m
[0m[ INFO] [1778924129.051393882]: Published filtered LaserScan with 876 points (after trim and radius filter)[0m
[0m[ INFO] [1778924129.158382845]: Published filtered LaserScan with 879 points (after trim and radius filter)[0m
[0m[ INFO] [1778924129.258398496]: Published filtered LaserScan with 876 points (after trim and radius filter)[0m
[0m[ INFO] [1778924129.368823804]: Published filtered LaserScan with 877 points (after trim and radius filter)[0m
[0m[ INFO] [1778924129.454740001]: Published filtered LaserScan with 879 points (after trim and radius filter)[0m
[0m[ INFO] [1778924129.558419492]: Published filtered LaserScan with 878 points (after trim and radius filter)[0m
[0m[ INFO] [1778924129.650998091]: Published filtered LaserScan with 876 points (after trim and radius filter)[0m
[0m[ INFO] [1778924129.760382754]: Published filtered LaserScan with 878 points (after trim and radius filter)[0m
[0m[ INFO] [1778924129.860872062]: Published filtered LaserScan with 880 points (after trim and radius filter)[0m
[0m[ INFO] [1778924129.959765403]: Published filtered LaserScan with 875 points (after trim and radius filter)[0m
[0m[ INFO] [1778924130.064408835]: Published filtered LaserScan with 876 points (after trim and radius filter)[0m
[0m[ INFO] [1778924130.159560760]: Published filtered LaserScan with 876 points (after trim and radius filter)[0m
[0m[ INFO] [1778924130.260280193]: Published filtered LaserScan with 878 points (after trim and radius filter)[0m
[0m[ INFO] [1778924130.352718216]: Published filtered LaserScan with 875 points (after trim and radius filter)[0m
[0m[ INFO] [1778924130.449073532]: Published filtered LaserScan with 878 points (after trim and radius filter)[0m
[0m[ INFO] [1778924130.551900212]: Published filtered LaserScan with 879 points (after trim and radius filter)[0m
[0m[ INFO] [1778924130.650130030]: Published filtered LaserScan with 875 points (after trim and radius filter)[0m
[0m[ INFO] [1778924130.751011918]: Published filtered LaserScan with 880 points (after trim and radius filter)[0m
[0m[ INFO] [1778924130.849898265]: Published filtered LaserScan with 878 points (after trim and radius filter)[0m
[0m[ INFO] [1778924130.951776756]: Published filtered LaserScan with 877 points (after trim and radius filter)[0m
[0m[ INFO] [1778924131.054244114]: Published filtered LaserScan with 879 points (after trim and radius filter)[0m
[0m[ INFO] [1778924131.149559081]: Published filtered LaserScan with 876 points (after trim and radius filter)[0m
[0m[ INFO] [1778924131.257046794]: Published filtered LaserScan with 880 points (after trim and radius filter)[0m
[0m[ INFO] [1778924131.371049912]: Published filtered LaserScan with 876 points (after trim and radius filter)[0m
[0m[ INFO] [1778924131.481292651]: Published filtered LaserScan with 876 points (after trim and radius filter)[0m
[0m[ INFO] [1778924131.55344101[33m[ WARN] [1778924132.255184830]: TebLocalPlannerROS: trajectory is not feasible. Resetting planner...[0m
[33m[ WARN] [1778924132.379795066]: TebLocalPlannerROS: trajectory is not feasible. Resetting planner...[0m
[33m[ WARN] [1778924132.453427407]: TebLocalPlannerROS: trajectory is not feasible. Resetting planner...[0m
[33m[ WARN] [1778924132.529451364]: TebLocalPlannerROS: trajectory is not feasible. Resetting planner...[0m
[33m[ WARN] [1778924132.657423280]: TebLocalPlannerROS: trajectory is not feasible. Resetting planner...[0m
[33m[ WARN] [1778924132.749739981]: TebLocalPlannerROS: trajectory is not feasible. Resetting planner...[0m
[33m[ WARN] [1778924132.822268969]: TebLocalPlannerROS: trajectory is not feasible. Resetting planner...[0m
[33m[ WARN] [1778924132.957016161]: TebLocalPlannerROS: trajectory is not feasible. Resetting planner...[0m
[33m[ WARN] [1778924133.033908684]: TebLocalPlannerROS: trajectory is not feasible. Resetting planner...[0m
[33m[ WARN] [1778924133.116635881]: TebLocalPlannerROS: trajectory is not feasible. Resetting planner...[0m
[33m[ WARN] [1778924133.221357203]: TebLocalPlannerROS: trajectory is not feasible. Resetting planner...[0m
[33m[ WARN] [1778924133.407232796]: TebLocalPlannerROS: trajectory is not feasible. Resetting planner...[0m
[33m[ WARN] [1778924133.563018056]: TebLocalPlannerROS: trajectory is not feasible. Resetting planner...[0m
[33m[ WARN] [1778924133.634131036]: TebLocalPlannerROS: trajectory is not feasible. Resetting planner...[0m
[33m[ WARN] [1778924133.728287536]: TebLocalPlannerROS: trajectory is not feasible. Resetting planner...[0m
[33m[ WARN] [1778924133.821795383]: TebLocalPlannerROS: trajectory is not feasible. Resetting planner...[0m
[33m[ WARN] [1778924133.954552873]: TebLocalPlannerROS: trajectory is not feasible. Resetting planner...[0m
[33m[ WARN] [1778924134.038932620]: TebLocalPlannerROS: trajectory is not feasible. Resetting planner...[0m
[33m[ WARN] [1778924134.176011067]: TebLocalPlannerROS: trajectory is not feasible. Resetting planner...[0m
[33m[ WARN] [1778924134.216356480]: TebLocalPlannerROS: trajectory is not feasible. Resetting planner...[0m
[33m[ WARN] [1778924134.364188163]: TebLocalPlannerROS: trajectory is not feasible. Resetting planner...[0m
[33m[ WARN] [1778924134.488999948]: TebLocalPlannerROS: trajectory is not feasible. Resetting planner...[0m
[33m[ WARN] [1778924134.619086416]: TebLocalPlannerROS: trajectory is not feasible. Resetting planner...[0m
[33m[ WARN] [1778924134.749686789]: TebLocalPlannerROS: trajectory is not feasible. Resetting planner...[0m
[33m[ WARN] [1778924134.925252188]: TebLocalPlannerROS: trajectory is not feasible. Resetting planner...[0m
[33m[ WARN] [1778924135.029917226]: TebLocalPlannerROS: trajectory is not feasible. Resetting planner...[0m
9]: Published filtered LaserScan with 876 points (after trim and radius filter)[0m
[0m[ INFO] [1778924131.647672175]: Published filtered LaserScan with 881 points (after trim and radius filter)[0m
[0m[ INFO] [1778924131.753004808]: Published filtered LaserScan with 879 points (after trim and radius filter)[0m
[0m[ INFO] [1778924131.849598416]: Published filtered LaserScan with 878 points (after trim and radius filter)[0m
[0m[ INFO] [1778924131.958090608]: Published filtered LaserScan with 876 points (after trim and radius filter)[0m
[0m[ INFO] [1778924132.044728675]: Published filtered LaserScan with 875 points (after trim and radius filter)[0m
[0m[ INFO] [1778924132.160004022]: Published filtered LaserScan with 877 points (after trim and radius filter)[0m
[0m[ INFO] [1778924132.257367618]: Published filtered LaserScan with 874 points (after trim and radius filter)[0m
[0m[ INFO] [1778924132.347178371]: Published filtered LaserScan with 876 points (after trim and radius filter)[0m
[0m[ INFO] [1778924132.449833565]: Published filtered LaserScan with 878 points (after trim and radius filter)[0m
[0m[ INFO] [1778924132.556430551]: Published filtered LaserScan with 876 points (after trim and radius filter)[0m
[0m[ INFO] [1778924132.668538756]: Published filtered LaserScan with 877 points (after trim and radius filter)[0m
[0m[ INFO] [1778924132.760936247]: Published filtered LaserScan with 878 points (after trim and radius filter)[0m
[0m[ INFO] [1778924132.856905997]: Published filtered LaserScan with 877 points (after trim and radius filter)[0m
[0m[ INFO] [1778924132.946386007]: Published filtered LaserScan with 878 points (after trim and radius filter)[0m
[0m[ INFO] [1778924133.049072702]: Published filtered LaserScan with 879 points (after trim and radius filter)[0m
[0m[ INFO] [1778924133.148414345]: Published filtered LaserScan with 878 points (after trim and radius filter)[0m
[0m[ INFO] [1778924133.260118897]: Published filtered LaserScan with 875 points (after trim and radius filter)[0m
[0m[ INFO] [1778924133.351905655]: Published filtered LaserScan with 878 points (after trim and radius filter)[0m
[0m[ INFO] [1778924133.462956012]: Published filtered LaserScan with 878 points (after trim and radius filter)[0m
[0m[ INFO] [1778924133.558131866]: Published filtered LaserScan with 877 points (after trim and radius filter)[0m
[0m[ INFO] [1778924133.654563903]: Published filtered LaserScan with 878 points (after trim and radius filter)[0m
[0m[ INFO] [1778924133.745231267]: Published filtered LaserScan with 879 points (after trim and radius filter)[0m
[0m[ INFO] [1778924133.861917382]: Published filtered LaserScan with 873 points (after trim and radius filter)[0m
[0m[ INFO] [1778924133.971386064]: Published filtered LaserScan with 877 points (after trim and radius filter)[0m
[0m[ INFO] [1778924134.052147179]: Published filtered LaserScan with 878 points (after trim and radius filter)[0m
[0m[ INFO] [1778924134.147712696]: Published filtered LaserScan with 877 points (after trim and radius filter)[0m
[0m[ INFO] [1778924134.247154383]: Published filtered LaserScan with 878 points (after trim and radius filter)[0m
[0m[ INFO] [1778924134.347056602]: Published filtered LaserScan with 877 points (after trim and radius filter)[0m
[0m[ INFO] [1778924134.442421165]: Published filtered LaserScan with 876 points (after trim and radius filter)[0m
[0m[ INFO] [1778924134.548290176]: Published filtered LaserScan with 878 points (after trim and radius filter)[0m
[0m[ INFO] [1778924134.651708364]: Published filtered LaserScan with 876 points (after trim and radius filter)[0m
[0m[ INFO] [1778924134.745018761]: Published filtered LaserScan with 875 points (after trim and radius filter)[0m
[0m[ INFO] [1778924134.842242369]: Published filtered LaserScan with 879 points (after trim and radius filter)[0m
[0m[ INFO] [1778924134.953618225]: Published filtered LaserScan with 877 points (after trim and radius filter)[0m
[0m[ INFO] [1778924135.042865500]: Published filtered LaserScan wit[33m[ WARN] [1778924135.119741409]: TebLocalPlannerROS: trajectory is not feasible. Resetting planner...[0m
[31m[ERROR] [1778924135.185284552]: Aborting because a valid control could not be found. Even after executing all recovery behaviors[0m
